沈建QUY55履带起重机,   QUY55 全液压履带式起重机是吸收国内外先进技术研制而成，主要配套件皆选用国内外知名产品;其结构先进、性能安全可靠、动作平稳、外形设计美观、操作环境舒适，各项性能指标均达到……
沈建QUY55履带起重机,   QUY55 全液压履带式起重机是吸收国内外先进技术研制而成，主要配套件皆选用国内外知名产品;其结构先进、性能安全可靠、动作平稳、外形设计美观、操作环境舒适，各项性能指标均达到……
沈建QUY55履带起重机,   QUY55 全液压履带式起重机是吸收国内外先进技术研制而成，主要配套件皆选用国内外知名产品;其结构先进、性能安全可靠、动作平稳、外形设计美观、操作环境舒适，各项性能指标均达到……
沈建QUY55履带起重机,   QUY55 全液压履带式起重机是吸收国内外先进技术研制而成，主要配套件皆选用国内外知名产品;其结构先进、性能安全可靠、动作平稳、外形设计美观、操作环境舒适，各项性能指标均达到……
沈建QUY80履带起重机,   QUY80 全液压履带式起重机是吸收国内外先进技术研制而成，主要配套件皆选用国内外知名产品；其结构先进、性能安全可靠、动作平稳、外形设计美观、操作环境舒适，各项性能指标均达到……
沈建QUY80履带起重机,   QUY80 全液压履带式起重机是吸收国内外先进技术研制而成，主要配套件皆选用国内外知名产品；其结构先进、性能安全可靠、动作平稳、外形设计美观、操作环境舒适，各项性能指标均达到……
沈建QUY80履带起重机,   QUY80 全液压履带式起重机是吸收国内外先进技术研制而成，主要配套件皆选用国内外知名产品；其结构先进、性能安全可靠、动作平稳、外形设计美观、操作环境舒适，各项性能指标均达到……
美国JLG450A 系列 II曲臂式升降平台,  发动机驱动曲臂式升降平台系列450 系列曲臂式升降平台曲臂式升降平台凭借其跨越配置，是捷尔杰产品中用途最广泛的臂式升降平台……
盛华源公铁两用架桥机,  公铁两用架桥机为我公司自主研发的步履式新型公铁两用架桥机，该架桥机是一种运行工作范围广、性能优良、操作方便、结构安全的钢结构预制梁吊装架设设备……
高远圣工GYRY10A沥青乳化车间, GYRY10A型沥青乳化车间是我公司研制的最新一代沥青乳化设备，其结构简洁，操作方便人性化设计，生产乳化沥青的沥青含量范围广，质量稳定，能够高效地满足各种施工工艺的要求，已广泛应……
沈建QUY150履带起重机, QUY150 全液压履带式起重机是吸收国内外先进技术研制而成，主要配套件皆选用国外知名产品；其结构先进、性能安全可靠、动作平稳、外形设计美观、操作环境舒适，各项性能指标均达到国际……
沈建QUY150履带起重机, QUY150 全液压履带式起重机是吸收国内外先进技术研制而成，主要配套件皆选用国外知名产品；其结构先进、性能安全可靠、动作平稳、外形设计美观、操作环境舒适，各项性能指标均达到国际……
沈建QUY150履带起重机, QUY150 全液压履带式起重机是吸收国内外先进技术研制而成，主要配套件皆选用国外知名产品；其结构先进、性能安全可靠、动作平稳、外形设计美观、操作环境舒适，各项性能指标均达到国际……
VSS乳化/改性乳化沥青站, VSS 可以提供各种规格的客户要求的乳化沥青站。这些站可以以批量式、连续式或半连续式的方式生产乳化沥青和改性乳化沥青。 VSS 的乳化沥青设备固定在坚固的钢架托盘上，防锈且涂漆……
抚挖QUY400A 液压履带式起重机,---- 产品介绍 △采用手触式彩色显示器、电子监控及虚拟墙功能，保证设备的安全稳定运行；△采用大箱型平台结构，外形美观；最大运输重量小；△符合欧洲CE及北美认证；△配有风电专用安……
抚挖QUY400A 液压履带式起重机,---- 产品介绍 △采用手触式彩色显示器、电子监控及虚拟墙功能，保证设备的安全稳定运行；△采用大箱型平台结构，外形美观；最大运输重量小；△符合欧洲CE及北美认证；△配有风电专用安……
抚挖QUY100A 液压履带式起重机履带起重机,---- 产品介绍 △动力系统及液压导流主要元件均采用美国、德国等供应商配套△可选配自装卸功能，拆装方便；△整车易损易耗结构件为自制件，抚挖特有的结构设计，维护方便费用低；△整车大……
抚挖QUY750 液压履带式起重机,---- 产品介绍 △工况齐全，特配置2.5―3.0MW风电机组吊装专用工况；△所有的臂架组合工况均能实现自扳起，无需辅助吊车；△风电专用工况平台有附加转台，在不增加接地比压情况下……
抚挖QUY750 液压履带式起重机,---- 产品介绍 △工况齐全，特配置2.5―3.0MW风电机组吊装专用工况；△所有的臂架组合工况均能实现自扳起，无需辅助吊车；△风电专用工况平台有附加转台，在不增加接地比压情况下……
抚挖QUY70A 液压履带式起重机履带起重机,---- 产品介绍 △可伸缩的履带架结构，紧凑外形，尾部回转半径小的机构，便于主机整体运输；△独有的重力下放功能，节约油耗，提高工作效率；△符合欧洲CE标准；△整车易损易耗结构件为……
抚挖QUY70A 液压履带式起重机履带起重机,---- 产品介绍 △可伸缩的履带架结构，紧凑外形，尾部回转半径小的机构，便于主机整体运输；△独有的重力下放功能，节约油耗，提高工作效率；△符合欧洲CE标准；△整车易损易耗结构件为……
抚挖QUY70A 液压履带式起重机履带起重机,---- 产品介绍 △可伸缩的履带架结构，紧凑外形，尾部回转半径小的机构，便于主机整体运输；△独有的重力下放功能，节约油耗，提高工作效率；△符合欧洲CE标准；△整车易损易耗结构件为……
抚挖QUY80B 液压履带式起重机履带起重机,---- 产品介绍 △可伸缩履带架结构，运输方便；△独有的重力下放功能，节约油耗，提高工作效率；△动力系统及液压导流主要元件均采用美国、德国等供应商配套△可实现一机多用，如强夯机（……
抚挖QUY400 液压履带式起重机,---- 产品介绍 △先进的电子控制技术和先进的液压技术及自装卸技术；。△主机平台为半裸露式，方便维修……
抚挖QUY400 液压履带式起重机,---- 产品介绍 △先进的电子控制技术和先进的液压技术及自装卸技术；。△主机平台为半裸露式，方便维修……
抚挖QUY1250 液压履带式起重机,---- 产品介绍 △整机采用进口的成型高强拉板、进口液压元件，电气元件、高强度钢管，钢丝绳及滑轮轴承，卓越的设计与配置使得整机更为安全、可靠；△主系统采用闭式回路，节能、高效、可……
抚挖QUY1250 液压履带式起重机,---- 产品介绍 △整机采用进口的成型高强拉板、进口液压元件，电气元件、高强度钢管，钢丝绳及滑轮轴承，卓越的设计与配置使得整机更为安全、可靠；△主系统采用闭式回路，节能、高效、可……
抚挖QUY150A 液压履带式起重机履带起重机,---- 产品介绍 △中国第一台150吨级全液压履带式起重机，具有不可超越的成熟性；△动力系统和液压系统主要元件采用美国和日本供应商△采用独有的重力下放功能，节约油耗，提高工作效率……
抚挖QUY250 液压履带式起重机,"---- 产品介绍 △中国第一台大吨位全电控液压履带式起重机△符合欧洲CE及北美认证, 出口印度、巴西、美国等国家，占销售总量的60%△大型结构件优化设计和计算，电子监控系统保证设……"
抚挖QUY250 液压履带式起重机,"---- 产品介绍 △中国第一台大吨位全电控液压履带式起重机△符合欧洲CE及北美认证, 出口印度、巴西、美国等国家，占销售总量的60%△大型结构件优化设计和计算，电子监控系统保证设……"
抚挖QUY55 液压履带式起重机履带起重机,---- 产品介绍 △主臂主弦管采用高强度薄臂钢管，重量轻，较大的提高起重性能；△安全装置齐全结构更加紧凑、小巧适用于复杂施工环境；△独有的重力下放功能，节约油耗，提高工作效率；△……
抚挖QUY55 液压履带式起重机履带起重机,---- 产品介绍 △主臂主弦管采用高强度薄臂钢管，重量轻，较大的提高起重性能；△安全装置齐全结构更加紧凑、小巧适用于复杂施工环境；△独有的重力下放功能，节约油耗，提高工作效率；△……
抚挖QUY50C 液压履带式起重机履带起重机,---- 产品介绍---- 产品介绍 △动力系统及液压系统主要元件采用美国、德国等供应商配套，保证其性能与稳定性较同类产品更安全、更可靠；△独有的重力下放功能，节约油耗，提高工作效……
抚挖QUY50C 液压履带式起重机履带起重机,---- 产品介绍---- 产品介绍 △动力系统及液压系统主要元件采用美国、德国等供应商配套，保证其性能与稳定性较同类产品更安全、更可靠；△独有的重力下放功能，节约油耗，提高工作效……
抚挖QUY50A 液压履带式起重机履带起重机,---- 产品介绍△QUY50作为中国第一台全液压履带式起重机经过不断的改进与完善，具有不可超越的成熟性；△同吨位产品市场占有率最大；△独有的重力下放功能，节约油耗，提高工作效率；……
抚挖QUY50A 液压履带式起重机履带起重机,---- 产品介绍△QUY50作为中国第一台全液压履带式起重机经过不断的改进与完善，具有不可超越的成熟性；△同吨位产品市场占有率最大；△独有的重力下放功能，节约油耗，提高工作效率；……
虎霸H5515塔式起重机, 虎霸建机塔机系列20年的研发历程中，在结构设计、电控系统、安全可靠性等技术方面，始终走在行业的前列……
虎霸H5515塔式起重机, 虎霸建机塔机系列20年的研发历程中，在结构设计、电控系统、安全可靠性等技术方面，始终走在行业的前列……
虎霸QUY260履带起重机, 虎霸重工是履带式起重机械专业制造企业，本公司与国内著名的大专院校合作，引进先进的设计理念，结合多年来积累的起重机械制造经验，研发出了具有先进技术、卓越性能的履带式起重机产品……
虎霸QUY260履带起重机, 虎霸重工是履带式起重机械专业制造企业，本公司与国内著名的大专院校合作，引进先进的设计理念，结合多年来积累的起重机械制造经验，研发出了具有先进技术、卓越性能的履带式起重机产品……
虎霸QUY200履带起重机, 虎霸重工是履带式起重机械专业制造企业，本公司与国内著名的大专院校合作，引进先进的设计理念，结合多年来积累的起重机械制造经验，研发出了具有先进技术、卓越性能的履带式起重机产品……
虎霸QUY160履带起重机, 虎霸重工是履带式起重机械专业制造企业，本公司与国内著名的大专院校合作，引进先进的设计理念，结合多年来积累的起重机械制造经验，研发出了具有先进技术、卓越性能的履带式起重机产品……
虎霸QUY120履带起重机, 虎霸重工是履带式起重机械专业制造企业，本公司与国内著名的大专院校合作，引进先进的设计理念，结合多年来积累的起重机械制造经验，研发出了具有先进技术、卓越性能的履带式起重机产品……
虎霸QUY80履带起重机, 虎霸重工是履带式起重机械专业制造企业，本公司与国内著名的大专院校合作，引进先进的设计理念，结合多年来积累的起重机械制造经验，研发出了具有先进技术、卓越性能的履带式起重机产品……
虎霸QUY120履带起重机, 虎霸重工是履带式起重机械专业制造企业，本公司与国内著名的大专院校合作，引进先进的设计理念，结合多年来积累的起重机械制造经验，研发出了具有先进技术、卓越性能的履带式起重机产品……
虎霸QUY80履带起重机, 虎霸重工是履带式起重机械专业制造企业，本公司与国内著名的大专院校合作，引进先进的设计理念，结合多年来积累的起重机械制造经验，研发出了具有先进技术、卓越性能的履带式起重机产品……
虎霸QUY260履带起重机, 虎霸重工是履带式起重机械专业制造企业，本公司与国内著名的大专院校合作，引进先进的设计理念，结合多年来积累的起重机械制造经验，研发出了具有先进技术、卓越性能的履带式起重机产品……
虎霸QUY160履带起重机, 虎霸重工是履带式起重机械专业制造企业，本公司与国内著名的大专院校合作，引进先进的设计理念，结合多年来积累的起重机械制造经验，研发出了具有先进技术、卓越性能的履带式起重机产品……
虎霸QUY120履带起重机, 虎霸重工是履带式起重机械专业制造企业，本公司与国内著名的大专院校合作，引进先进的设计理念，结合多年来积累的起重机械制造经验，研发出了具有先进技术、卓越性能的履带式起重机产品……
虎霸QUY200履带起重机, 虎霸重工是履带式起重机械专业制造企业，本公司与国内著名的大专院校合作，引进先进的设计理念，结合多年来积累的起重机械制造经验，研发出了具有先进技术、卓越性能的履带式起重机产品……
北方交通MG300/700- WD采煤机, 机载交流变频调速，齿轮销轨行走。2、 机载操作站操作和无线电离机遥控操作。3、 设备运行状态的检测、检测及有关参数的中文显示……
北方交通MG450/1080-WD采煤机, 机载交流变频调速，齿轮销轨行走。2、 机载操作站操作和无线电离机遥控操作。3、 设备运行状态的检测、检测及有关参数的中文显示……
百力克颚式破碎机百力克颚式破碎机, 型号Model参数ParametersPE500×750PE600×900PE800×1100PE950×1250PE1200×1500最大给料粒度 (mm)Max Feedin……
郑州鼎盛DSM锤磨机破碎机, 用于球磨机前完成超细碎作业，极大提高球磨机效率，同时是制砂主力装备2、设备投资相当于辊压机的10~15%，提高磨机产量40%3、易操作，维护成本低、故障率低、系统工艺简单、占地面……
合力αⅡ系列8-10吨平衡重式内燃叉车, 整机采用大圆弧流线型造型，美观靓丽；部件整体喷丸油漆表面饱满光亮，附着牢固； 2、按人机工程学原理设计的操纵系统，方向机可调整角度，驾驶者视野开阔，舒适性好；  3、引进日本先进……
济南重汽STEYR王系列消防车, 中国重汽特种车公司根据国内消防车实际需求，在技术成熟的斯太尔王底盘基础上进行适应性变更，开发出的更适合消防工作需要，更贴合用户需求的新一代四开门消防用车底盘……
格瑞特CPCD80/CPCD100平衡重式内燃叉车,&mdash;&mdash;选装国产品牌或进口柴油机。&mdash;&mdash;国内最先进液力传动-动力换挡传动系统。&mdash;&mdash;超强车身及工作装置设计……
中车CQUY1500履带起重机,（1）利用自身的起吊系统可实现臂架的整机自拆装功能，既方便运输，又缩短了安装时间，大大节约用户成本……
中车CQUY500履带起重机,（1）利用自身的起吊系统可实现臂架的整机自拆装功能，既方便运输，又缩短了安装时间，大大节约用户成本……
中车CQUY1500履带起重机,（1）利用自身的起吊系统可实现臂架的整机自拆装功能，既方便运输，又缩短了安装时间，大大节约用户成本……
中车CQUY500履带起重机,（1）利用自身的起吊系统可实现臂架的整机自拆装功能，既方便运输，又缩短了安装时间，大大节约用户成本……
中车CQUY800履带起重机,（1）利用自身的起吊系统可实现臂架的整机自拆装功能，既方便运输，又缩短了安装时间，大大节约用户成本……
中车CQUY1500履带起重机,（1）利用自身的起吊系统可实现臂架的整机自拆装功能，既方便运输，又缩短了安装时间，大大节约用户成本……
中车CQUY800履带起重机,（1）利用自身的起吊系统可实现臂架的整机自拆装功能，既方便运输，又缩短了安装时间，大大节约用户成本……
中车CQUY1500履带起重机,（1）利用自身的起吊系统可实现臂架的整机自拆装功能，既方便运输，又缩短了安装时间，大大节约用户成本……
中车CQUY800履带起重机,（1）利用自身的起吊系统可实现臂架的整机自拆装功能，既方便运输，又缩短了安装时间，大大节约用户成本……
中联重科TC5010-4塔式起重机,? TCT5010-4性能参数：性能参数及技术指标国内领先，达到当今国际先进水平a、最大臂长50m;臂长组合每5米递减，最小臂长20米;b、最大起重量4t;c、臂尖最大吊重量1.0……
中联重科TC5010-4塔式起重机,? TCT5010-4性能参数：性能参数及技术指标国内领先，达到当今国际先进水平a、最大臂长50m;臂长组合每5米递减，最小臂长20米;b、最大起重量4t;c、臂尖最大吊重量1.0……
山河智能SWTC35伸缩臂履带起重机,? 安全保护装置齐全，力矩限制器系统稳定可靠，标定方便，可实现中/英文、公/英制自由切换，系统报警信息丰富，排查故障简捷? 液压系统采用伺服操纵，操纵轻便，性能可靠，液压阀集中布置……
山河智能SWTC35伸缩臂履带起重机,? 安全保护装置齐全，力矩限制器系统稳定可靠，标定方便，可实现中/英文、公/英制自由切换，系统报警信息丰富，排查故障简捷? 液压系统采用伺服操纵，操纵轻便，性能可靠，液压阀集中布置……
山河智能SWTC35伸缩臂履带起重机,? 安全保护装置齐全，力矩限制器系统稳定可靠，标定方便，可实现中/英文、公/英制自由切换，系统报警信息丰富，排查故障简捷? 液压系统采用伺服操纵，操纵轻便，性能可靠，液压阀集中布置……
三一重工SE11030Ⅲ-S3.0MW常温型机组,? 产品总述SE11030III-S风力发电机组采用水平轴、三叶片整体布局结构，机组外形图如下所示……
江麓QTZ63F塔头式起重机,? 电气控制系统关键电气元件采用行业知名品牌，如天水二一三、法国施耐德公司的低压电器，可靠性高，便于维护……
江麓QTZ63F塔头式起重机,? 电气控制系统关键电气元件采用行业知名品牌，如天水二一三、法国施耐德公司的低压电器，可靠性高，便于维护……
中联重科ZTM500履带起重机,? 高安全性――操纵室高强防护罩、转台回转锁止装置、起重臂防后翻装置等，确保人机安全工作……
山河智能SWTC12伸缩臂履带起重机,? 康明斯发动机，提供经济、环保、可靠的动力源；机罩开启方便，维修性方便? 日本KYB马达和减速机，加长底盘，可选配湿地型三角履带板，驱动力强劲，适应各种地型工况? 高强度钢板、大……
山河智能SWTC16伸缩臂履带起重机,? 康明斯发动机，提供经济、环保、可靠的动力源；机罩开启方便，维修性方便? 日本KYB马达和减速机，加长底盘，可选配湿地型三角履带板，驱动力强劲，适应各种地型工况? 高强度钢板、大……
山河智能SWTC12伸缩臂履带起重机,? 康明斯发动机，提供经济、环保、可靠的动力源；机罩开启方便，维修性方便? 日本KYB马达和减速机，加长底盘，可选配湿地型三角履带板，驱动力强劲，适应各种地型工况? 高强度钢板、大……
山河智能SWTC55伸缩臂履带起重机,? 康明斯发动机，提供经济、环保、可靠的动力源；机罩开启方便，维修性方便? 日本KYB马达和减速机，加长底盘，可选配湿地型三角履带板，驱动力强劲，适应各种地型工况? 高强度钢板、大……
山河智能SWTC75伸缩臂履带起重机,? 康明斯发动机，提供经济、环保、可靠的动力源；机罩开启方便，维修性方便? 日本KYB马达和减速机，加长底盘，可选配湿地型三角履带板，驱动力强劲，适应各种地型工况? 高强度钢板、大……
山河智能SWTC05伸缩臂履带起重机,? 康明斯发动机，提供经济、环保、可靠的动力源；机罩开启方便，维修性方便? 日本KYB马达和减速机，加长底盘，可选配湿地型三角履带板，驱动力强劲，适应各种地型工况? 高强度钢板、大……
山河智能SWTC75伸缩臂履带起重机,? 康明斯发动机，提供经济、环保、可靠的动力源；机罩开启方便，维修性方便? 日本KYB马达和减速机，加长底盘，可选配湿地型三角履带板，驱动力强劲，适应各种地型工况? 高强度钢板、大……
山河智能SWTC05伸缩臂履带起重机,? 康明斯发动机，提供经济、环保、可靠的动力源；机罩开启方便，维修性方便? 日本KYB马达和减速机，加长底盘，可选配湿地型三角履带板，驱动力强劲，适应各种地型工况? 高强度钢板、大……
山河智能SWTC55伸缩臂履带起重机,? 康明斯发动机，提供经济、环保、可靠的动力源；机罩开启方便，维修性方便? 日本KYB马达和减速机，加长底盘，可选配湿地型三角履带板，驱动力强劲，适应各种地型工况? 高强度钢板、大……
山河智能SWTC16伸缩臂履带起重机,? 康明斯发动机，提供经济、环保、可靠的动力源；机罩开启方便，维修性方便? 日本KYB马达和减速机，加长底盘，可选配湿地型三角履带板，驱动力强劲，适应各种地型工况? 高强度钢板、大……
山河智能SWTC25伸缩臂履带起重机,? 起重臂采用高强钢制作，大圆弧六边型截面，刚度更好，重量更轻，承载能力更强，基本臂起重力矩达875KN・M? 性能优良的潍柴发动机，提供可靠、经济、环保的动力源? 专用底盘，作业……
山河智能SWTC25伸缩臂履带起重机,? 起重臂采用高强钢制作，大圆弧六边型截面，刚度更好，重量更轻，承载能力更强，基本臂起重力矩达875KN・M? 性能优良的潍柴发动机，提供可靠、经济、环保的动力源? 专用底盘，作业……
泰石克TR30/TR43/TR60挖掘机破碎锤,? 强有力的打击力新型改进液压氮气驱动系提供强劲有力的破碎锤打击能量，性能优越。液压能量转换成打击力，能量损失小(TR220-TR400)……
中联重科SC200/200施工升降机,? 用材考究。? 结构稳定可靠。? 配套件品牌优化。? 人性化设计无处不在……
石煤机QYS-1.0Ⅱ1吨直臂式随车起重机,“石煤”牌系列随车起重机，是一种结构紧凑，操作简单，机动性强，安全可靠，并可加装各种附具，实现一机多能的起重运输设备……
江特江特国四2立方消防洒水车,【主要技术参数】产品商标江特牌公告批次255产品名称绿化喷洒车产品型号JDF5040GPSB4型绿化喷洒车总质量(Kg)3620罐体容积(m3)1.26额定载质量(Kg)1200外……
骏通JSQ200直臂随车起重机,"■ 更高 : 四节主臂全伸长 13.8m ，最大起吊高度达 15.6m■ 更强 : 加强型 6 边形起重臂截面 , 基本臂力矩 219 kN.m，第二臂段起重力矩达 218kN.m……"
山河智能SWQUY55桁架履带起重机,▲ 先进性―电控系统采用CAN总线技术进行通讯，配备可视系统，系统精确度 高、安全，微动性能好。▲ 可靠性―该机液压系统主要液压元件采用德国力士乐等进口产品，性能优越， 可靠性高……
山河智能SWQUY160桁架履带起重机,▲ 先进性―电控系统采用CAN总线技术进行通讯，配备可视系统，系统精确度 高、安全，微动性能好。▲ 可靠性―该机液压系统主要液压元件采用德国力士乐等进口产品，性能优越， 可靠性高……
山河智能SWQUY160桁架履带起重机,▲ 先进性―电控系统采用CAN总线技术进行通讯，配备可视系统，系统精确度 高、安全，微动性能好。▲ 可靠性―该机液压系统主要液压元件采用德国力士乐等进口产品，性能优越， 可靠性高……
山河智能SWQUY55桁架履带起重机,▲ 先进性―电控系统采用CAN总线技术进行通讯，配备可视系统，系统精确度 高、安全，微动性能好。▲ 可靠性―该机液压系统主要液压元件采用德国力士乐等进口产品，性能优越， 可靠性高……
山河智能SWQUY160桁架履带起重机,▲ 先进性―电控系统采用CAN总线技术进行通讯，配备可视系统，系统精确度 高、安全，微动性能好。▲ 可靠性―该机液压系统主要液压元件采用德国力士乐等进口产品，性能优越， 可靠性高……
宏盛HS6-20型全自动心砌块成型机砖机,▲主要技术参数①、成型周期：15-20秒②、成型块数：6块/横390×390×190mm切块③、生产率：6000-7500块/8小时④、振动频率：2900次/分⑤、振动：60kn⑥……
益鑫QT12-15型砖机,◇进口高效能液压比例系统纯正部件(更高效、节能)◇进口智能PLC触摸屏及纯正电气原件(自动化程度高、操作更简便)◇破拱式快速布料装置(对多孔砖布料特别有利、更均匀)◇扩展式高效振动……
三一重工SCC2500C履带起重机,● 安全的控制系统：工作和安装两种操作模式方便可靠；配有水平度实时显示、离机停止动作、紧急电气控制、防雷击保护、行走自动调向、闭路监控等功能，安全及监控系统齐全；● 新型的吊装工况……
三一重工SCC2500C履带起重机,● 安全的控制系统：工作和安装两种操作模式方便可靠；配有水平度实时显示、离机停止动作、紧急电气控制、防雷击保护、行走自动调向、闭路监控等功能，安全及监控系统齐全；● 新型的吊装工况……
三一重工SCC1800履带起重机,● 安全的控制系统：工作和安装两种操作模式方便可靠；配有水平度实时显示、离机停止动作、紧急电气控制、防雷击保护、行走自动调向、闭路监控等功能，安全及监控装置齐全；● 卓越的操作性能……
三一重工SCC1800履带起重机,● 安全的控制系统：工作和安装两种操作模式方便可靠；配有水平度实时显示、离机停止动作、紧急电气控制、防雷击保护、行走自动调向、闭路监控等功能，安全及监控装置齐全；● 卓越的操作性能……
三一重工SCC8500履带起重机,● 配重方式：采用移动配重及其控制技术，将中央配重、主机后配重和超起配重优化成一种……
山推SP45Y吊管机,● 整车具有高强度、高稳定性及美观性特点。● 钩杆卷扬及工作液压系统采用合资产品或进口元件。● 钩杆卷扬及配重操纵采用先导控制方式。● 采用四连杆式配重结构型式……
山推SP70Y吊管机,● 整车具有高强度、高稳定性及美观性特点。● 钩杆卷扬及工作液压系统采用合资产品或进口元件。● 钩杆卷扬及配重操纵采用先导控制方式。● 采用四连杆式配重结构型式……
山推SP70Y吊管机,● 整车具有高强度、高稳定性及美观性特点。● 钩杆卷扬及工作液压系统采用合资产品或进口元件。● 钩杆卷扬及配重操纵采用先导控制方式。● 采用四连杆式配重结构型式……
山推SP70Y吊管机,● 整车具有高强度、高稳定性及美观性特点。● 钩杆卷扬及工作液压系统采用合资产品或进口元件。● 钩杆卷扬及配重操纵采用先导控制方式。● 采用四连杆式配重结构型式……
山推SP45Y吊管机,● 整车具有高强度、高稳定性及美观性特点。● 钩杆卷扬及工作液压系统采用合资产品或进口元件。● 钩杆卷扬及配重操纵采用先导控制方式。● 采用四连杆式配重结构型式……
厦工XG580-DT2内燃平衡重式叉车,●标配锡柴CA6110动力、YQX100动力换挡变速箱，具有动力性好，扭矩大，加速快，效率高●采用高位进气方式并配置旋风式二级预滤器，提高进气系统清洁度，大大延长了发动机的使用寿命……
GTBZ43S型自行走直臂式高空作业平台,"●四轮驱动,四轮转向功能使其具备强大灵活的机动性能●全自动伸展轮轴●铝合金操作盒及控制面板更加坚固,也提高了防水性能●全封闭的线索设计，避免意外发生，导致昂贵线索替换●40%的爬坡……"
三一重工SDCY80K6C集装箱空箱堆高机,・工业化造型设计产品，造型优美，驾驶舒适。・三一专利技术的SYMC通用工程机械运动控制器。・水平可旋转吊具与双箱吊具，轮胎磨损小，工作效率高。・重叠式结构门架，操作视野好……
三一重工SDCY90K7H集装箱空箱堆高机,・工业化造型设计产品，造型优美，驾驶舒适。・三一专利技术的SYMC通用工程机械运动控制器。・水平可旋转吊具与双箱吊具，轮胎磨损小，工作效率高。・重叠式结构门架，操作视野好……
国际煤机EBH350重型掘进机,・机重125t；・全新智能化设计，可实现轨迹跟踪，自动切割等功能；・具备超强的截割能力，配套瑞典山特维克“S”级截齿，单轴抗压强度最大可达到130MPa；・截割部采用可伸缩横轴设计……
徐工12米臂架式桥梁检测车,・双动力系统 ・液压系统部分进口・进口原装遥控器・比例式操作・工作平台液压伺服调平・桥下检修状态全程监控・工作平台负载实时监控臂架式桥梁检测作业车特点・控制阀 进口电液比例控制阀，……
徐工16米臂架式桥梁检测车,・双动力系统 ・液压系统部分进口・进口原装遥控器・比例式操作・工作平台液压伺服调平・桥下检修状态全程监控・工作平台负载实时监控臂架式桥梁检测作业车特点・控制阀 进口电液比例控制阀，……
徐工XZJ5060TQZ平板清障车,・装备一套可伸缩、可倾斜的性能先进、可自动装卸的平台系统，具备“背托、托拖”两项强大功能，可节省更多人力、物力成本；・主要部件全部采用高强度钢板，通过折弯成型，承重性能好、抗压能力……
卡萨阁蓝地C900履带吊,……
中联重科ZCC3200NP履带起重机,……
卡萨阁蓝地C900履带吊,……
卡萨阁蓝地C850履带吊,……
卡萨阁蓝地C600履带吊,……
卡萨阁蓝地C400履带吊,……
中联重科ZCC3200NP履带起重机,……
浙江建机ZJD260塔式起重机,……
中NQTZ3200（ZSL3200）平臂塔式起重机,……
川建SC型1t/1t施工升降机,……
浙江建机ZJD260塔式起重机,……
大汉SC200/200施工升降机,……
顶实SC200/200施工升降机,……
中NQTZ3200（ZSL3200）平臂塔式起重机,……
力特SC施工升降机物料提升机,……
浙江建机SCD200/200P施工升降机,……
筑马LRS6沥青乳化设备,……
牡丹江专用汽车TQC5310JSQJ随车起重机,……
水山SSSB系列破碎锤,……
双牛三角形DBB系列挖掘机破碎锤,……
大连叉车FD180五层空箱作业叉车,……
林州重机EBZ系列掘进机,……
卡萨阁蓝地C900履带吊,……
卡萨阁蓝地C850履带吊,……
卡萨阁蓝地C600履带吊,……
卡萨阁蓝地C400履带吊,……
雷鸣重工LM454拖拉机,……
凯尔1204轮式拖拉机,……
海诺HNJ5252ZXX箱体可移动式系列垃圾车,……
卡萨阁蓝地C900履带吊,……
卡萨阁蓝地C850履带吊,……
抚挖QUY80A 液压履带式起重机履带起重机,……
卡萨阁蓝地C400履带吊,……
卡萨阁蓝地C600履带吊,……
中联重科ZCC3200NP履带起重机,……
陕汽德龙6×4液罐运输车,★ 具有高动力性、高可靠性、高安全性、低油耗、低重心等优点。◇ 罐体容积18-20方，最高车速95km/h，经济车速55-70km/h，适合在复合型工况下使用……
陕汽德龙6×2液罐运输车,★ 具有高动力性、高可靠性、高安全性、低油耗、低重心等优点。◇ 罐体容积18-20方，最高车速95km/h，经济车速55-70km/h，适合在公路工况下使用……
鲁能YN625越野内燃叉车,★采用一拖东方红柴油机，动力强劲。单级三元件变矩器，动力换挡变速箱，结构简单，可靠性高。★单泵分流工作液压系统，节能效果显著。★双密封液压管路接头，解决了渗油漏油问题……
中联重科ZTM300履带起重机,⑴ 强大的夯击能力：无门架时重锤重量可达15t，夯击能达300t?m；有门架时重锤重量可达30t，夯击能达600 t?m……
中联重科ZTM300履带起重机,⑴ 强大的夯击能力：无门架时重锤重量可达15t，夯击能达300t?m；有门架时重锤重量可达30t，夯击能达600 t?m……
三一重工桶基础海上风电施工装备,1）技术原理桶形基础顶端封闭，底端开口，是一种新型海洋平台基础形式……
三一重工SCC750C履带起重机,1. 安全的控制系统：工作和安装两种操作模式方便可靠，集成控制显示系统，配有水平仪、紧急电气控制、安全及监控装置齐全，可选配监控系统、电子水平仪;2. 卓越的操作性能：良好的微动性……
三一重工SCC750C履带起重机,1. 安全的控制系统：工作和安装两种操作模式方便可靠，集成控制显示系统，配有水平仪、紧急电气控制、安全及监控装置齐全，可选配监控系统、电子水平仪;2. 卓越的操作性能：良好的微动性……
中联重科QUY550履带起重机,1. 安全的控制系统：工作和安装两种操作模式方便可靠；配有力矩限制器、配有水平度接地比压及重心的实时显示、臂架防后倾、离机停止动作、紧急电气控制、防雷击保护、行走自动调向、闭路监控……
中联重科QUY500W履带起重机,1. 安全的控制系统：工作和安装两种操作模式方便可靠；配有力矩限制器、配有水平度接地比压及重心的实时显示、臂架防后倾、离机停止动作、紧急电气控制、防雷击保护、行走自动调向、闭路监控……
中联重科QUY550履带起重机,1. 安全的控制系统：工作和安装两种操作模式方便可靠；配有力矩限制器、配有水平度接地比压及重心的实时显示、臂架防后倾、离机停止动作、紧急电气控制、防雷击保护、行走自动调向、闭路监控……
中联重科QUY500W履带起重机,1. 安全的控制系统：工作和安装两种操作模式方便可靠；配有力矩限制器、配有水平度接地比压及重心的实时显示、臂架防后倾、离机停止动作、紧急电气控制、防雷击保护、行走自动调向、闭路监控……
中联重科QUY650履带起重机,1. 安全的控制系统：工作和安装两种操作模式方便可靠；配有水平度接地比压及重心的实时显示、离机停止动作、紧急电气控制、防雷击保护、行走自动调向、闭路监控等功能，安全及监控系统齐全；……
中联重科QUY650履带起重机,1. 安全的控制系统：工作和安装两种操作模式方便可靠；配有水平度接地比压及重心的实时显示、离机停止动作、紧急电气控制、防雷击保护、行走自动调向、闭路监控等功能，安全及监控系统齐全；……
徐工XZJ5160TQZA4吊托组合型清障车,1. 吊臂与托臂分离式结构，大大增加了各种路况现场处理的灵活性；2. 托臂变幅机构首次采用四连杆机构，可同时实现变幅和升降两个动作；3. 双向联动中央控制操作阀，软轴操纵，让操作变……
美科斯FD10T/FD15T/FD18T型1-1.8吨柴油(汽油)内燃叉车,1. 进口国产多款发动机可选，动力强劲、经济性好;2. 简洁整齐的管路设计，软、硬管合理布局，减小了管路的压力;3. 整车采用先进的人机工程技术的设计，发动机全浮式减震装置，转向桥……
石煤机SMJ5061TQZAC3型清障车,1. 平板一拖二型清障车，针对安全、可靠、无损伤背拖清理各种事故、违章车辆而设计开发，是一款理想的道路清障车……
三一重工SCC8260履带起重机,1.安全的控制系统：工作和安装两种操作模式方便可靠；配有电子水平仪和水泡水平仪双重保障，实时显示；离机停止动作、紧急电气控制、防雷击保护、行走自动换向、闭路监控等功能，安全及监控系……
三一重工SCC1250履带起重机,1.安全的控制系统：工作和安装两种操作模式方便可靠；配有水平度实时显示、离机停止动作、紧急电气控制、防雷击保护、行走自动调向、闭路监控等功能，安全及监控系统齐全；2.卓越的操作性能……
三一重工SCC8100履带起重机,1.安全的控制系统：工作和安装两种操作模式方便可靠;配有水平度实时显示、离机停止动作、紧急电气控制、防雷击保护、行走自动调向、闭路监控等功能，安全及监控系统齐全;2.卓越的操作性能……
中联重科QUY130履带起重机,1.安全的控制系统：工作和安装两种操作模式方便可靠；配有水平度实时显示、离机停止动作、紧急电气控制、防雷击保护、行走自动调向、闭路监控等功能，安全及监控系统齐全；2.卓越的操作性能……
中联重科QUY800履带起重机,1.安全的控制系统：工作和安装两种操作模式方便可靠；配有水平度实时显示、离机停止动作、紧急电气控制、防雷击保护、行走自动调向、闭路监控等功能，安全及监控系统齐全；2.卓越的操作性能……
中联重科QUY130履带起重机,1.安全的控制系统：工作和安装两种操作模式方便可靠；配有水平度实时显示、离机停止动作、紧急电气控制、防雷击保护、行走自动调向、闭路监控等功能，安全及监控系统齐全；2.卓越的操作性能……
中联重科QUY800履带起重机,1.安全的控制系统：工作和安装两种操作模式方便可靠；配有水平度实时显示、离机停止动作、紧急电气控制、防雷击保护、行走自动调向、闭路监控等功能，安全及监控系统齐全；2.卓越的操作性能……
三一重工SCC1250履带起重机,1.安全的控制系统：工作和安装两种操作模式方便可靠；配有水平度实时显示、离机停止动作、紧急电气控制、防雷击保护、行走自动调向、闭路监控等功能，安全及监控系统齐全；2.卓越的操作性能……
三一重工SCC8100履带起重机,1.安全的控制系统：工作和安装两种操作模式方便可靠;配有水平度实时显示、离机停止动作、紧急电气控制、防雷击保护、行走自动调向、闭路监控等功能，安全及监控系统齐全;2.卓越的操作性能……
三一重工SCC8100-2履带起重机,1.安全的控制系统：工作和安装两种操作模式方便可靠；配有水平度实时显示、离机停止动作、紧急电气控制、防雷击保护、行走自动调向、闭路监控等功能，安全及监控系统齐全……
中联重科QUY80履带起重机,1．安全的控制系统：工作和安装两种操作模式方便可靠；配有水平度实时显示、离机停止动作、紧急电气控制、防雷击保护、行走自动调向、闭路监控等功能，安全及监控装置齐全；2．卓越的操作性能……
中联重科QUY80履带起重机,1．安全的控制系统：工作和安装两种操作模式方便可靠；配有水平度实时显示、离机停止动作、紧急电气控制、防雷击保护、行走自动调向、闭路监控等功能，安全及监控装置齐全；2．卓越的操作性能……
三一重工SCC500E履带起重机,1．安全的控制系统：工作和安装两种操作模式方便可靠；配有水平度实时显示、离机停止动作、紧急电气控制、防雷击保护、行走自动调向、闭路监控等功能，安全及监控装置齐全；2．卓越的操作性能……
中联重科QUY80履带起重机,1．安全的控制系统：工作和安装两种操作模式方便可靠；配有水平度实时显示、离机停止动作、紧急电气控制、防雷击保护、行走自动调向、闭路监控等功能，安全及监控装置齐全；2．卓越的操作性能……
中联重科QUY80履带起重机,1．安全的控制系统：工作和安装两种操作模式方便可靠；配有水平度实时显示、离机停止动作、紧急电气控制、防雷击保护、行走自动调向、闭路监控等功能，安全及监控装置齐全；2．卓越的操作性能……
三一重工SCC500E履带起重机,1．安全的控制系统：工作和安装两种操作模式方便可靠；配有水平度实时显示、离机停止动作、紧急电气控制、防雷击保护、行走自动调向、闭路监控等功能，安全及监控装置齐全；2．卓越的操作性能……
三一重工SCC800C履带起重机,1．安全的控制系统：工作和安装两种操作模式方便可靠；配有水平度实时显示、离机停止动作、紧急电气控制、防雷击保护、行走自动调向、闭路监控等功能，安全及监控装置齐全；2．卓越的操作性能……
三一重工SCC500E履带起重机,1．安全的控制系统：工作和安装两种操作模式方便可靠；配有水平度实时显示、离机停止动作、紧急电气控制、防雷击保护、行走自动调向、闭路监控等功能，安全及监控装置齐全；2．卓越的操作性能……
三一重工SCC500E履带起重机,1．安全的控制系统：工作和安装两种操作模式方便可靠；配有水平度实时显示、离机停止动作、紧急电气控制、防雷击保护、行走自动调向、闭路监控等功能，安全及监控装置齐全；2．卓越的操作性能……
三一重工SCC800C履带起重机,1．安全的控制系统：工作和安装两种操作模式方便可靠；配有水平度实时显示、离机停止动作、紧急电气控制、防雷击保护、行走自动调向、闭路监控等功能，安全及监控装置齐全；2．卓越的操作性能……
郑州天一QTJ4-25型砌块成型机砖机,1.本机整体结构紧凑、设备合理，转动部位采用机械化装置，准确、可靠。降低劳动强度，提高生产效率。2.上下加压，定向振动，变频刹车，达到高密度、高强度的成型效果……
北方交通QUY55履带起重机,1.采用液压传动，液压先导控制技术，微动性能好，技术先进。2.起升机构、变幅机构及回转机构采用行星减速机，结构紧凑，重量轻，工作平稳，安全可靠……
北方交通QUY55履带起重机,1.采用液压传动，液压先导控制技术，微动性能好，技术先进。2.起升机构、变幅机构及回转机构采用行星减速机，结构紧凑，重量轻，工作平稳，安全可靠……
北方交通QUY55履带起重机,1.采用液压传动，液压先导控制技术，微动性能好，技术先进。2.起升机构、变幅机构及回转机构采用行星减速机，结构紧凑，重量轻，工作平稳，安全可靠……
北方交通QUY55履带起重机,1.采用液压传动，液压先导控制技术，微动性能好，技术先进。2.起升机构、变幅机构及回转机构采用行星减速机，结构紧凑，重量轻，工作平稳，安全可靠……
北方交通QUY55履带起重机,1.采用液压传动，液压先导控制技术，微动性能好，技术先进。2.起升机构、变幅机构及回转机构采用行星减速机，结构紧凑，重量轻，工作平稳，安全可靠……
愚公QYS2T-12T直臂式随车起重机,1.基本配置：六边形四级单缸拉索同步伸缩吊臂，基本臂长4850mm，全伸臂长12500mm，液压油缸水平支腿、液压垂直支腿油缸，横向支腿跨距2220~5220mm;三点桥型支撑，上……
广西建工SC200/200双输出变频施工升降机,1.两传动新型施工升降机双输出传动机构输出齿轮由原来的2个增加为4个，在额定载重量的情况下齿轮齿条接触应力比普通两传动施工升降机降低50%，比三传动施工升降机降低25%，大大增加了……
大方DF30/70型架桥机,1.最大起重量:70t2.适用桥梁跨径:≮30m3.适用桥梁纵坡:&plusmn;3%4.小车额定升降速度:0.9 m/min5.车额定纵型速度:4.28m/min6.大车纵(横)……
曼尼通120XEL高空作业平台,120 XE是紧凑型电动剪刀式升降机，可以达到12米的工作高度。 这个平台是需要高安全性和生产力应用的理想选择……
马尼托瓦克21000型履带式起重机,"21000 型无可匹敌，肯定是世界上最易于移动的 907 公吨(1,000 美吨)级起重机……"
马尼托瓦克21000型履带式起重机,"21000 型无可匹敌，肯定是世界上最易于移动的 907 公吨(1,000 美吨)级起重机……"
马尼托瓦克21000型履带式起重机,"21000 型无可匹敌，肯定是世界上最易于移动的 907 公吨(1,000 美吨)级起重机……"
马尼托瓦克21000型履带式起重机,"21000 型无可匹敌，肯定是世界上最易于移动的 907 公吨(1,000 美吨)级起重机……"
辽宁通用EBZ160A掘进机,Ⅰ、适用范围EBZ160A悬臂式掘进机是专用于圆形煤巷、半煤岩巷道掘进工程的掘进设备，也可在铁路、公路、水利工程等隧道施工中使用，能实现连续切割、装载、运输作业……
柳工CM350履带起重机,CM350强夯机简介柳工CLG CM350强夯机是安徽柳工结合多年的履带起重机研发经验，在充分了解客户需求及强夯施工工况的基础上，将最先进的设计理念（设计六西格玛DFSS）融入到柳……
柳工CM350履带起重机,CM350强夯机简介柳工CLG CM350强夯机是安徽柳工结合多年的履带起重机研发经验，在充分了解客户需求及强夯施工工况的基础上，将最先进的设计理念（设计六西格玛DFSS）融入到柳……
柳工CM350履带起重机,CM350强夯机简介柳工CLG CM350强夯机是安徽柳工结合多年的履带起重机研发经验，在充分了解客户需求及强夯施工工况的基础上，将最先进的设计理念（设计六西格玛DFSS）融入到柳……
一帆机械DSJ系列烘干锤式破碎机,DSJ系列烘干锤式破碎机用于破碎和烘干软质且非磨蚀性物料，如石膏、白垩、粘土、料浆滤饼等，如可对工业副产品石膏、烟气脱硫石膏进行打散、烘干、煅烧，该机生产效率高、能耗低，在烘干的同……
瑞德EAGER乳化沥青生产设备,EAGER系列乳化沥青生产设备由沥青过渡罐、乳化液掺配罐、成品罐、调速沥青泵、调速乳液泵、乳化主机、成品输送泵、电控柜、大底板管道阀门等组成……
石煤机EBH300(A)岩石掘进机,EBH300(A)岩石掘进机适用于硬度f≤13的岩巷、半煤岩巷的掘进，也可在公路、铁路、水利等隧道施工工程中使用。采用计算机控制，整机实现全无线遥控控制，智能成型切割和恒功率切割……
北方重工EBZ240掘进机,EBZ240掘进机经济切割硬度≤85MPa，最大切割硬度≤100MPa（层里节理发育沉积岩），该机采用了国内外成熟的元部件高品质配置设计，整机可靠性高、重心低……
韩宇EHB52破碎锤,"EHB52E 技术参数参数类数值单位工作重量3,710)kg(lbs)需要流量230 ~ 330lpm (gpm)工作压力165 ~ 185bar (psi)输入功率打击频率250……"
摩纳凯FD20/FD20T内燃平衡重式叉车,FD30/FD30T主要技术参数 特 性 型 号FD30/FD30T额定载荷Kg3000载重中心距mm500动力形式柴油操作形式座式 性 能行驶速度km/h(满载/空载)液力17/……
北起多田野GT-250E(自制底盘)型汽车起重机,GT-250E型汽车起重机GT-250E型汽车起重机是北起多田野（北京）起重机有限公司为适应国内用户而隆重推出的25吨级系列产品中的主要产品。整机外形美观、大方，设计紧凑、合理……
京城重工GTJD8W/10W电瓶车载剪叉式高空作业平台,GTJD电瓶车载剪叉式高空作业平台是为经常在一定范围内使用升降机进行高空作业的用户设计的……
星邦重工GTJZ16剪叉高空作业平台,"GTJZ16柴油越野剪叉式高空作业平台使用了浮动装置及四轮驱动，具备超强的动力和越野性能;铝合金花纹钢板平台，防滑效果好,维修更换方便;平台可双面延伸，平台承载能力强……"
恒兴机械HQTY8-15全自动砌块成型机砖机,HQTY8-15全自动砌块成型机产品说明：监控每一环节，能够实现故障自锁，故障检测与产量统计，使砌块密度更好，水泥用量更省。该台机采用台振与模振相结合，保证了砌块的密实度……
利勃海尔HS 8070 HD Litronic履带起重机,HS 8070 HD具有若干种设备可能性，其应用场合几乎不受限制，包括使用蚌式挖斗、吊铲抓斗进行的物料装卸或类似作业，各种类型的拆毁应用、动力土壤压实，以及使用隔墙抓斗或外壳振荡器……
利勃海尔HS 8070 HD Litronic履带起重机,HS 8070 HD具有若干种设备可能性，其应用场合几乎不受限制，包括使用蚌式挖斗、吊铲抓斗进行的物料装卸或类似作业，各种类型的拆毁应用、动力土壤压实，以及使用隔墙抓斗或外壳振荡器……
利勃海尔HS8100 HD Litronic履带起重机,HS 8100 HD具有若干种设备可能性，其应用场合几乎不受限制，包括使用蚌式挖斗、吊铲抓斗进行的物料装卸或类似作业，各种类型的拆毁应用、动力土壤压实，以及使用隔墙抓斗或外壳振荡器……
利勃海尔HS 8100 HD Litronic履带起重机,HS 8100 HD具有若干种设备可能性，其应用场合几乎不受限制，包括使用蚌式挖斗、吊铲抓斗进行的物料装卸或类似作业，各种类型的拆毁应用、动力土壤压实，以及使用隔墙抓斗或外壳振荡器……
利勃海尔HS 8100 HD Litronic履带起重机,HS 8100 HD具有若干种设备可能性，其应用场合几乎不受限制，包括使用蚌式挖斗、吊铲抓斗进行的物料装卸或类似作业，各种类型的拆毁应用、动力土壤压实，以及使用隔墙抓斗或外壳振荡器……
利勃海尔HS 825 HD Litronic履带起重机,HS 825 HD具有若干种设备可能性，其应用场合几乎不受限制，包括使用蚌式挖斗、吊铲抓斗进行的物料装卸或类似作业，各种类型的拆毁应用、动力土壤压实，以及使用隔墙抓斗或外壳振荡器的……
利勃海尔HS 835 HD Litronic履带起重机,HS 835 HD具有若干种设备可能性，其应用场合几乎不受限制，包括使用蚌式挖斗、吊铲抓斗进行的物料装卸或类似作业，各种类型的拆毁应用、动力土壤压实，以及使用隔墙抓斗或外壳振荡器的……
利勃海尔HS 845 HD Litronic履带起重机,HS 845 HD具有若干种设备可能性，其应用场合几乎不受限制，包括使用蚌式挖斗、吊铲抓斗进行的物料装卸或类似作业，各种类型的拆毁应用、动力土壤压实，以及使用隔墙抓斗或外壳振荡器的……
利勃海尔HS 855 HD Litronic履带起重机,HS 855 HD具有若干种设备可能性，其应用场合几乎不受限制，包括使用蚌式挖斗、吊铲抓斗进行的物料装卸或类似作业，各种类型的拆毁应用、动力土壤压实，以及使用隔墙抓斗或外壳振荡器的……
利勃海尔HS 875 HD Litronic履带起重机,HS 875 HD具有若干种设备可能性，其应用场合几乎不受限制，包括使用蚌式挖斗、吊铲抓斗进行的物料装卸或类似作业，各种类型的拆毁应用、动力土壤压实，以及使用隔墙抓斗或外壳振荡器的……
利勃海尔HS 885 HD Litronic履带起重机,HS 885 HD具有若干种设备可能性，其应用场合几乎不受限制，包括使用蚌式挖斗、吊铲抓斗进行的物料装卸或类似作业，各种类型的拆毁应用、动力土壤压实，以及使用隔墙抓斗或外壳振荡器的……
利勃海尔HS 895 HD Litronic履带起重机,HS 895 HD具有若干种设备可能性，其应用场合几乎不受限制，包括使用蚌式挖斗、吊铲抓斗进行的物料装卸或类似作业，各种类型的拆毁应用、动力土壤压实，以及使用隔墙抓斗或外壳振荡器的……
北方交通5090吊托分离轻型清障车,KFM5090TQZ清障车适用于城市道路、郊区公路、高速公路以及机场、桥涵道路之安全清障。工作对象为各种轿车、中小型客货车以及其他在本车技术参数允许范围内的各种专用车辆……
泰沃LB防爆单梁桥式起重机,LB型防爆电动单梁起重机是在“LDA”的基础上，根据GB3836.1-2000《爆炸性环境用防爆电气设备》及GB3836.2-2000《爆炸性环境用电气设备隔型电气设备“d”》设计……
泰沃LH双梁桥式起重机,"LH型电动葫芦桥式起重机是电动葫芦配置成葫芦小车,桥架采用中轨箱型梁,大小车运行机构采用”三合一”传动方式,具有外型尺寸紧凑、建筑净空高度低、自重轻、体积小,结构简单等优点……"
利勃海尔LR 11000履带起重机,LR 11000可配备包括平行加强臂系统在内的多种吊臂系统，使这款车型的应用极其广泛……
利勃海尔LR 11000履带起重机,LR 11000可配备包括平行加强臂系统在内的多种吊臂系统，使这款车型的应用极其广泛……
利勃海尔LR 1100履带起重机,LR 1100履带式起重机是利勃海尔产品系列中规格最小的机器……
利勃海尔LR 1100履带起重机,LR 1100履带式起重机是利勃海尔产品系列中规格最小的机器……
利勃海尔LR 1100履带起重机,LR 1100履带式起重机是利勃海尔产品系列中规格最小的机器……
利勃海尔LR 1100履带起重机,LR 1100履带式起重机是利勃海尔产品系列中规格最小的机器……
利勃海尔LR 1200履带起重机,LR 1200是最新推出的利勃海尔履带式起重机，具有卓越的起重能力(220吨/250美吨)和非常紧凑的尺寸(运输宽度为3米)……
利勃海尔LR 1200履带起重机,LR 1200是最新推出的利勃海尔履带式起重机，具有卓越的起重能力(220吨/250美吨)和非常紧凑的尺寸(运输宽度为3米)……
利勃海尔LR 1200履带起重机,LR 1200是最新推出的利勃海尔履带式起重机，具有卓越的起重能力(220吨/250美吨)和非常紧凑的尺寸(运输宽度为3米)……
利勃海尔LR 1250履带起重机,LR 1250是最新推出的利勃海尔履带式起重机，具有卓越的起重能力(220吨/250美吨)和非常紧凑的尺寸(运输宽度为3米)……
利勃海尔LR 1250履带起重机,LR 1250是最新推出的利勃海尔履带式起重机，具有卓越的起重能力(220吨/250美吨)和非常紧凑的尺寸(运输宽度为3米)……
利勃海尔LR 1250履带起重机,LR 1250是最新推出的利勃海尔履带式起重机，具有卓越的起重能力(220吨/250美吨)和非常紧凑的尺寸(运输宽度为3米)……
利勃海尔LR 1350/1履带起重机,LR 1350/1履带式起重机采用最先进的传动与控制技术，起重能力高而重量轻，实现高成本效益比升级，良好的运输物流性能，并且进行了改造以方便运输……
利勃海尔LR 1350/1履带起重机,LR 1350/1履带式起重机采用最先进的传动与控制技术，起重能力高而重量轻，实现高成本效益比升级，良好的运输物流性能，并且进行了改造以方便运输……
利勃海尔LR 1350/1履带起重机,LR 1350/1履带式起重机采用最先进的传动与控制技术，起重能力高而重量轻，实现高成本效益比升级，良好的运输物流性能，并且进行了改造以方便运输……
利勃海尔LR 1400/2履带起重机,LR 1400/2履带式起重机的特点包括：具有一个多功能动臂系统、快速而容易的起重机装配，高成本效益比起重机元件运输。400吨机器通过LICCON计算机系统进行控制和监视……
利勃海尔LR 1400/2履带起重机,LR 1400/2履带式起重机的特点包括：具有一个多功能动臂系统、快速而容易的起重机装配，高成本效益比起重机元件运输。400吨机器通过LICCON计算机系统进行控制和监视……
利勃海尔LR 1400/2履带起重机,LR 1400/2履带式起重机的特点包括：具有一个多功能动臂系统、快速而容易的起重机装配，高成本效益比起重机元件运输。400吨机器通过LICCON计算机系统进行控制和监视……
利勃海尔LR 1750履带起重机,LR 1750履带式起重机特别适用于发电站、炼油厂、桥梁建设现场及装配风力发电站等场合……
利勃海尔LR 1750履带起重机,LR 1750履带式起重机特别适用于发电站、炼油厂、桥梁建设现场及装配风力发电站等场合……
利勃海尔LR 11350履带起重机,LR11350的起重能力在1000吨以上的履带式起重机中规格适中。出色的起重能力能应用于各种工况……
利勃海尔LR 11350履带起重机,LR11350的起重能力在1000吨以上的履带式起重机中规格适中。出色的起重能力能应用于各种工况……
飞腾GLR-6乳化改性沥青设备,LR-6型乳化沥青设备，是经过我厂多年的研发并结合用户反馈意见，经多次改进而成的一种新型的乳化沥青生产机组，适用于普通乳化沥青生产……
利勃海尔LTR 1060履带起重机,LTR1060，它结合了伸缩臂起重机和履带式起重机的优点。履带式底盘有着良好的越野机动性和承载力，并可以精确地带载行驶……
利勃海尔LTR1100履带起重机,LTR1100，它结合了伸缩臂起重机和履带式起重机的优点。履带式底盘有着良好的越野机动性和承载力，并可以精确地带载行驶……
利勃海尔LTR11200履带起重机,LTR11200是用于安装风电的起重机。它是一款伸缩臂式的履带式起重机， 而且履带为狭窄的型式，使之能够在狭小的风电场内带着全伸臂自由移动……
徐工MG2×180/790-AWD采煤机,MG2×200/870-AWD系列交流电牵引采煤机是一种多电机驱动，电机横向布置，交流变频调速无链双驱动电牵引采煤机……
徐工MG2×160/710-AWD采煤机,MG2×200/870-AWD系列交流电牵引采煤机是一种多电机驱动，电机横向布置，交流变频调速无链双驱动电牵引采煤机……
山特维克圆锥破碎机,ModelFormer nameCapacity t/hMax feed size mm (inch)CSS rangemm (inch)Max permitted power k……
威猛SW5000青贮圆捆缠膜机,o带有液压捡拾和卸载装置，工作效率高o控制器自动控制缠膜和切膜过程o塑料膜拉伸率可选择55%或70%，可保证青贮包裹的密封性，确保发酵质量……
夏洲重工PCKW系列可逆无堵塞细碎破碎机,PCKW可逆无堵塞细碎破碎机性能特点：出料均匀、无筛条无堵塞、生产效率高、破碎比大、低耗能、密封性好污染少、破碎腔易开启、维护方便……
上海建冶立轴冲击式破碎机,PCL立轴冲击式破碎机，也就是制砂机……
方圆QTZ87（PT5510）塔式起重机,PT5510塔式起重机最大工作幅度为55米，同时可以变臂50米、45米、40米等，臂长变化更方便，用户使用更多选择；安装更方便、安全、快捷；2、起升减速机为四轴，实现起升机构卷筒的……
方圆QTZ87（PT5510）塔式起重机,PT5510塔式起重机最大工作幅度为55米，同时可以变臂50米、45米、40米等，臂长变化更方便，用户使用更多选择；安装更方便、安全、快捷；2、起升减速机为四轴，实现起升机构卷筒的……
恒升建机QTZ3008塔机,QTZ3008的性能参数：性能参数及技术指标国内领先，达到国际先进水平a、最大臂长30m;臂长组合每6米递减，最小臂长30米;b、最大起重量2.5t;c、臂尖最大吊重量0.8t;d……
恒升建机QTZ3008塔机,QTZ3008的性能参数：性能参数及技术指标国内领先，达到国际先进水平a、最大臂长30m;臂长组合每6米递减，最小臂长30米;b、最大起重量2.5t;c、臂尖最大吊重量0.8t;d……
徐工QUY100履带起重机,QUY100全液压履带式起重机是徐工集团徐州重型机械有限公司，根据我国国情及国内外市场的需求，自主研制开发的大型起重机械……
徐工QUY100履带起重机,QUY100全液压履带式起重机是徐工集团徐州重型机械有限公司，根据我国国情及国内外市场的需求，自主研制开发的大型起重机械……
徐工QUY150履带起重机,QUY150全液压履带式起重机是徐工集团徐州重型机械有限公司根据市场需求和世界液压履带起重机的发展趋势而开发研制的大型起重机械……
徐工QUY150履带起重机,QUY150全液压履带式起重机是徐工集团徐州重型机械有限公司根据市场需求和世界液压履带起重机的发展趋势而开发研制的大型起重机械……
徐工QUY220履带起重机,QUY220履带起重机采用世界尖端的成熟的先进结构形式、高可靠性拉板技术、桁架臂技术、CAN-BUS总线控制技术、恒功率泵控变量液压系统，与电比例控制技术紧密结合，控制精准，节能高……
徐工QUY220履带起重机,QUY220履带起重机采用世界尖端的成熟的先进结构形式、高可靠性拉板技术、桁架臂技术、CAN-BUS总线控制技术、恒功率泵控变量液压系统，与电比例控制技术紧密结合，控制精准，节能高……
徐工QUY250履带起重机,QUY250履带起重机广泛吸收世界先进技术，注重安全可靠性，造型美观，结构紧凑。国际一流配套厂家的动力、传动元件、液压元件，保证起重机作业性能的长期有效、安全可靠……
徐工QUY250履带起重机,QUY250履带起重机广泛吸收世界先进技术，注重安全可靠性，造型美观，结构紧凑。国际一流配套厂家的动力、传动元件、液压元件，保证起重机作业性能的长期有效、安全可靠……
徐工QUY260履带起重机,"QUY260履带式起重机广泛吸纳世界履带起重机的尖端技术:世界先进的构造型式、拉板技术及重量轻、起重量大的桁架臂、适合恶劣地面的爬坡度为30%的履带式底盘,采用CAN-BUS总线技……"
徐工QUY260履带起重机,"QUY260履带式起重机广泛吸纳世界履带起重机的尖端技术:世界先进的构造型式、拉板技术及重量轻、起重量大的桁架臂、适合恶劣地面的爬坡度为30%的履带式底盘,采用CAN-BUS总线技……"
徐工QUY280履带起重机,QUY280履带起重机采用CANJJBS总线系统和电比例控制技术、配有国际化配套的传动系统和电子控制系统、拥有完备的自拆装功能、具有多种臂架组合……
徐工QUY280履带起重机,QUY280履带起重机采用CANJJBS总线系统和电比例控制技术、配有国际化配套的传动系统和电子控制系统、拥有完备的自拆装功能、具有多种臂架组合……
徐工QUY300履带起重机,QUY300全液压履带起重机是徐工集团徐州重型机械公司为满足市场需求、参与国际竞争而研制开发的大型起重机械……
徐工QUY300履带起重机,QUY300全液压履带起重机是徐工集团徐州重型机械公司为满足市场需求、参与国际竞争而研制开发的大型起重机械……
徐工QUY350履带起重机,QUY350 履带起重机是根据现代履带起重机的发展趋势充分吸收国外先进技术而开发的又一大吨位产品……
徐工QUY350履带起重机,QUY350 履带起重机是根据现代履带起重机的发展趋势充分吸收国外先进技术而开发的又一大吨位产品……
奥奇重工QUY350履带起重机,QUY350履带起重机是充分吸收国外先进技术及大连理工大学专有技术的基础上，开发的一大吨位产品……
奥奇重工QUY350履带起重机,QUY350履带起重机是充分吸收国外先进技术及大连理工大学专有技术的基础上，开发的一大吨位产品……
奥奇重工QUY350履带起重机,QUY350履带起重机是充分吸收国外先进技术及大连理工大学专有技术的基础上，开发的一大吨位产品……
奥奇重工QUY350履带起重机,QUY350履带起重机是充分吸收国外先进技术及大连理工大学专有技术的基础上，开发的一大吨位产品……
徐工QUY35-I履带起重机,QUY35-I履带起重机是在QUY35履带起重机的基础上进行重大升级的产品……
徐工QUY400履带起重机,QUY400履带起重机是我公司为满足市场需求、积极参与国际竞争而研制开发的中大吨位高端起重机产品。该机综合吸收国内外先进技术，运用先进的设计手段，结构设计优化，起重性能卓越……
徐工QUY400履带起重机,QUY400履带起重机是我公司为满足市场需求、积极参与国际竞争而研制开发的中大吨位高端起重机产品。该机综合吸收国内外先进技术，运用先进的设计手段，结构设计优化，起重性能卓越……
徐工QUY450履带起重机,QUY450多种的臂架组合及专用副臂的设计，更扩大了产品的使用范围，提高了产品的性价比。标准配重和超起配重重量的多种组合，可调节的超起配重回转半径，适用于各类不同的施工场地……
徐工QUY450履带起重机,QUY450多种的臂架组合及专用副臂的设计，更扩大了产品的使用范围，提高了产品的性价比。标准配重和超起配重重量的多种组合，可调节的超起配重回转半径，适用于各类不同的施工场地……
徐工QUY50A履带起重机,QUY50A履带起重机是在QUY50-I履带起重机的基础上，结合目前国内外市场的具体情况，增加带快放功能的产品。在整机外观、人性化操作、整车稳定性方面都有了大幅度提高……
徐工QUY50-II履带起重机,QUY50-II履带起重机是在QUY50履带起重机的基础上，结合目前国内外市场的具体情况，二次升级的产品。相比原产品，在起重性能、单绳拉力、起升速度上都有了大幅度提高……
徐工QUY50-I履带起重机,QUY50-I履带起重机是在QUY50履带起重机的基础上，结合目前国内外市场的具体情况，一次升级的产品。相比原产品，在整机外观、人性化操作、整车稳定性方面都有了大幅度提高……
徐工QUY650履带起重机,QUY650履带起重机是我公司为满足市场需求、积极参与国际竞争而研制开发的大吨位高端起重机产品。该机综合吸收国内外先进技术，运用先进的设计手段，结构设计优化，起重性能卓越……
徐工QUY650履带起重机,QUY650履带起重机是我公司为满足市场需求、积极参与国际竞争而研制开发的大吨位高端起重机产品。该机综合吸收国内外先进技术，运用先进的设计手段，结构设计优化，起重性能卓越……
徐工QUY700履带起重机,QUY700履带起重机是我公司为满足市场需求、积极参与国际竞争而研制开发的大吨位高端起重机产品。该机综合吸收国内外先进技术，运用先进的设计手段，结构设计优化，起重性能卓越……
徐工QUY700履带起重机,QUY700履带起重机是我公司为满足市场需求、积极参与国际竞争而研制开发的大吨位高端起重机产品。该机综合吸收国内外先进技术，运用先进的设计手段，结构设计优化，起重性能卓越……
徐工QUY75履带起重机,QUY75全液压履带式起重机是根据市场需求和世界液压履带起重机发展趋势而开发研制的大型起重机械，符合我国国情及国内外市场的需求……
徐工QUY80A履带起重机,QUY80A履带起重机是在我公司多年的履带吊生产经验的基础上，为满足市场需求，提高产品性价比，全部机构国产化而设计的产品……
徐工QUY80E履带起重机,QUY80E履带起重机是在我公司多年的履带吊生产经验的基础上，为满足欧洲市场需求而开发及设计的产品……
徐工QUY80履带起重机,QUY80履带起重机是在徐工重型多年的履带吊生产经验的基础上，为满足市场需求，完善履带吊产品系列而设计的产品。该产品起重性能优越，可带载行驶，360°全回转作业，伸缩式履带……
瑞图RTQD12混凝土标砖、地砖成型机,RTQD12主要结构和技术特点：● 免托板，前期投资小，后期运行成本低，高产出;● 全线控制系统具有全自动、半联动及手动控制三种操作;● 可配有自动配料系统，配料精确、配比调整极为……
华夏SC200/200施工升降机,"SC200/200施工升降机（施工电梯）,采用齿轮齿条啮合,外置式,三传动,额定载荷2吨,额定提升高度150米的施工升降机,稍作改动即可成2吨单吊笼施工升降机.本机配有国家专利技术……"
川建M2400(100t)水平臂塔式起重机,SCM-M2400(100t)塔式起重机，是我公司吸收国外塔机技术，自行设计制造的大型上回转自升式塔式起重机……
川建M2400(100t)水平臂塔式起重机,SCM-M2400(100t)塔式起重机，是我公司吸收国外塔机技术，自行设计制造的大型上回转自升式塔式起重机……
立杰SC施工升降机,"SC施工升降机,采用齿轮齿条啮合,外置式,额定提升高度150米的施工升降机。本机配有国家专利技术的防坠安全器，坠落时能自动刹车，驱动单元置于笼顶上方，安全可靠，维修保养方便……"
沈建sc200/200型施工升降机,SC型施工升降机是一种靠齿轮齿条传动的类电梯设备，主要用于高居建筑施工及货物运输。这种设备可以非常方便的安装和拆卸。可随着建筑物增高而增高……
三一重工SE7715-L1.5MW低温型机组,SE7715-L风电机组为SE7715扩展型，是适用于II类陆上风场的1.5MW低温型机组，机组采用变速恒频双馈技术，结构上采用水平轴、三叶片、上风向布置……
三一重工SE77151.5MW常温型机组,SE7715高速双馈机组，是适用于II类陆上风场的1.5MW常温型机组，机组采用变速恒频双馈技术，结构上采用水平轴、三叶片、上风向布置……
三一重工SE8215-31.5MW常温型机组,SE8215-3风电机组为SE7715的扩展型，是适用于III类陆上风场的1.5MW常温型机组，机组采用变速恒频双馈技术，结构上采用水平轴、三叶片、上风向布置……
三一重工SE8215-L31.5MW低温型机组,SE8215-L3风电机组为SE7715的扩展型，是适用于III类陆上风场1.5MW低温型机组，机组采用变速恒频双馈技术，结构上采用水平轴、三叶片、上风向布置……
三一重工SE8220III-L2.0MW低温型机组,SE8220III-L风电机组为SE8220III机组的扩展型，是适用于II类陆上风场的2.0MW低温型机组，机组采用中速双馈技术，结构上采用水平轴、三叶片、上风向布置……
三一重工SE8220III陆上型风机,SE8220III中速双馈机组，是适用于II类陆上风场的2.0MW常温型机组，机组采用中速双馈技术，结构上采用水平轴、三叶片、上风向布置……
三一重工SE9320-L32.0MW低温型机组,SE9320-3为高速双馈机组，是适用于IECⅢA类风场的2.0MW低温型机组，机组，采用变速恒频双馈技术，结构上采用水平轴、三叶片、上风向布置……
海伦哲SGX5330GXFPM180型泡沫消防车,SGX5330GXFPM180型泡沫消防车选用Mercedes-Benz Actros3332底盘改制而成……
石煤机SMJ5310JQJ18型检测车,SMJ5310JQJ18桥梁检测车，是一种适用于大、中型桥梁的病害维修和预防性检查作业的专用车辆，主要功能为对桥梁下面各结构进行全面的检查、修理、油漆、喷砂、安装、拆卸，包括对桥梁……
山推SP100Y吊管机,SP100Y吊管机采用了负载反馈、过载保护等国际先进技术，主要应用于直径及质量较大的管道铺设等工程……
山推SP100Y吊管机,SP100Y吊管机采用了负载反馈、过载保护等国际先进技术，主要应用于直径及质量较大的管道铺设等工程……
山推SP100Y吊管机,SP100Y吊管机采用了负载反馈、过载保护等国际先进技术，主要应用于直径及质量较大的管道铺设等工程……
山推SP25YS吊管机,SP25YS吊管机采用了负载反馈、过载保护等国际先进技术，主要应用于管道铺设等工程。工作装置采用液压先导控制，吊钩、吊臂操纵集于同一手柄，微动性能好……
山推SP25YS吊管机,SP25YS吊管机采用了负载反馈、过载保护等国际先进技术，主要应用于管道铺设等工程。工作装置采用液压先导控制，吊钩、吊臂操纵集于同一手柄，微动性能好……
山推SP25YS吊管机,SP25YS吊管机采用了负载反馈、过载保护等国际先进技术，主要应用于管道铺设等工程。工作装置采用液压先导控制，吊钩、吊臂操纵集于同一手柄，微动性能好……
山推SP25YS吊管机,SP25YS吊管机采用了负载反馈、过载保护等国际先进技术，主要应用于管道铺设等工程。工作装置采用液压先导控制，吊钩、吊臂操纵集于同一手柄，微动性能好……
山推SP25Y吊管机,SP25Y吊管机采用了负载反馈、过载保护等国际先进技术，主要应用于管道铺设等工程。工作装置采用液压先导控制，吊钩、吊臂操纵集于同一手柄，微动性能好……
山推SP25Y吊管机,SP25Y吊管机采用了负载反馈、过载保护等国际先进技术，主要应用于管道铺设等工程。工作装置采用液压先导控制，吊钩、吊臂操纵集于同一手柄，微动性能好……
山推SP45YS吊管机,SP45YS湿地吊管机采用了负载反馈、过载保护等国际先进技术，主要应用于湿地环境的管道铺设等工程。工作装置采用液压先导控制，吊钩、吊臂操纵集于同一手柄，微动性能好……
山推SP45YS吊管机,SP45YS湿地吊管机采用了负载反馈、过载保护等国际先进技术，主要应用于湿地环境的管道铺设等工程。工作装置采用液压先导控制，吊钩、吊臂操纵集于同一手柄，微动性能好……
韶起SQ600-ZB4随车起重机,"SQ600ZB4为30吨级随车吊，最大额定起升质量30吨，折臂5节直臂，2条伸缩式支腿,伸缩式附加支腿2条……"
江麓SXD09多功能履带式森林消防车,SXD09多功能履带式森林消防车是公司和武警森林指挥部在对我国南北森林地区的地形地貌、森林火灾火情、灭火理念和方法，以及现有的森林消防装备进行充分调查研究的基础上研制而成的森林专用……
爱科维美德　T2104拖拉机,T2104型拖拉机维美德T2104拖拉机是一款源自欧洲的经典产品，具有节油、可靠、性价比高的特点……
沭河SH704 Tractor四轮拖拉机,Tractor Model型 号SH704Diving Type型式/4×4Dimension LxWxH外廓尺寸(长×宽×高)mm4052×1900×2650Tread (fro……
徐工XGC100履带起重机,XGC100液压履带起重机是徐工在总结多年产品开发、应用经验的基础上，根据市场需要，于2013年推出的新一代产品，该产品在继承老产品优势的同时，更加注重在性能、拆装运输方便性、操纵……
徐工XGC130履带起重机,XGC130履带起重机是徐工集团徐工机械建设机械分公司在XGC130基础上成功开发的新一代履带起重机产品……
徐工XGC130履带起重机,XGC130履带起重机是徐工集团徐工机械建设机械分公司在XGC130基础上成功开发的新一代履带起重机产品……
徐工XGC15000履带起重机,XGC15000是在继承徐工QUY系列产品优势的基础上，成功开发的新一代履带起重机，产品更加安全、可靠，并提升了拆装方便性、操纵舒适性及起重性能……
徐工XGC15000履带起重机,XGC15000是在继承徐工QUY系列产品优势的基础上，成功开发的新一代履带起重机，产品更加安全、可靠，并提升了拆装方便性、操纵舒适性及起重性能……
徐工XGC150履带起重机,XGC150履带起重机是徐工建机新一代履带起重机的又一新产品，该产品传承了徐工产品高安全性、高可靠性的特点，同时在研发过程中致力于产品性能提升和成本控制，致力于新技术新结构的应用与……
徐工XGC16000履带起重机,XGC16000是在继承徐工XGC15000系列产品优势的基础上，成功开发的升级型号履带起重机，产品更加安全、可靠，并提升了拆装方便性、操纵舒适性及起重性能……
徐工XGC16000履带起重机,XGC16000是在继承徐工XGC15000系列产品优势的基础上，成功开发的升级型号履带起重机，产品更加安全、可靠，并提升了拆装方便性、操纵舒适性及起重性能……
徐工XGC180履带起重机,XGC180履带起重机是徐工集团徐工建机有限公司自主研发的新一代履带起重机，该产品设计秉承徐工集团安全、可靠、环保、先进的设计理念，注重细节结构，体现人本思想，产品备有主臂、固定副……
徐工XGC260履带起重机,XGC260履带起重机是徐工继QUY260履带起重机后，成功开发的新一代履带起重机产品，是集多项全球首创技术于一身、引领行业技术变革风向的“明星产品”，整机技术水平达到了国际领先……
徐工XGC28000履带起重机,XGC28000是徐工继XGC16000履带起重机后，成功开发的2000吨级履带起重机产品……
徐工XGC28000履带起重机,XGC28000是徐工继XGC16000履带起重机后，成功开发的2000吨级履带起重机产品……
徐工XGC28000履带起重机,XGC28000是徐工继XGC16000履带起重机后，成功开发的2000吨级履带起重机产品……
徐工XGC28000履带起重机,XGC28000是徐工继XGC16000履带起重机后，成功开发的2000吨级履带起重机产品……
徐工XGC300履带起重机,XGC300是徐工继QUY300后，整合30多年徐工履带起重设计和制造经验，在充分理解客户需求的基础上所开发的整机技术达到国际领先水平的新一代履带起重机产品……
徐工XGC400履带起重机,XGC400是在继承徐工QUY系列产品优势的基础上，成功开发的新一代履带起重机，产品更加安全、可靠，并提升了拆装方便性、操纵舒适性及起重性能……
徐工XGC500履带起重机,XGC500是在继承徐工QUY系列产品优势的基础上，成功开发的新一代履带起重机，产品更加安全、可靠，并提升了拆装方便性、操纵舒适性及起重性能……
徐工XGC55履带起重机,XGC55履带起重机是徐工继QUY55履带起重机后，成功开发的新一代履带起重机产品。新一代产品在继承老产品优势的同时，更加注重在性能、作业效率、拆装运输方便性、操纵舒适性上的提升……
徐工XGC650履带起重机,XGC650是在继承徐工QUY系列产品优势的基础上，成功开发的新一代履带起重机，产品更加安全、可靠，并提升了拆装方便性、操纵舒适性及起重性能……
徐工XGC75履带起重机,XGC75履带起重机是基于徐工二代产品XGC55/75/85平台成功开发的新一代履带起重机产品……
徐工XGC800履带起重机,XGC800履带起重机具有安全、可靠、拆装方便、操纵舒适等优点，配备无极变幅等先进技术，在满足常规功能前提下，可满足3MW以下风电高效安装的需求……
徐工XGC85履带起重机,XGC85履带起重机是徐工继QUY80系列履带起重机后，成功开发的新一代履带起重机产品……
徐工XGC88000履带起重机,XGC88000履带起重机，最大额定起重力矩达88000吨米，是当前全球起重装备产业研制的整体式的履带起重机设备中能力最大的机型……
徐工XGC88000履带起重机,XGC88000履带起重机，最大额定起重力矩达88000吨米，是当前全球起重装备产业研制的整体式的履带起重机设备中能力最大的机型……
宇通重工YTQU55B基础施工专用履带吊,YTQU55B基础施工专用履带吊是宇通重工为满足基础施工的市场需求，全新研发的一款全回转、多节桁架臂组合，全液压驱动的多功能起重机械……
宇通重工YTQU55B基础施工专用履带吊,YTQU55B基础施工专用履带吊是宇通重工为满足基础施工的市场需求，全新研发的一款全回转、多节桁架臂组合，全液压驱动的多功能起重机械……
宇通重工YTQU55B基础施工专用履带吊,YTQU55B基础施工专用履带吊是宇通重工为满足基础施工的市场需求，全新研发的一款全回转、多节桁架臂组合，全液压驱动的多功能起重机械……
中联重科ZCC550履带起重机,ZCC550液压履带式起重机是中联重科小吨位系列产品，该产品具有主臂、固定副臂两个基本工况，可广泛用于城市建设与改造，公路、铁路、桥梁、港口、能源、工业厂房及设备的安装及搬运等作业……
中联重科ZCC550履带起重机,ZCC550液压履带式起重机是中联重科小吨位系列产品，该产品具有主臂、固定副臂两个基本工况，可广泛用于城市建设与改造，公路、铁路、桥梁、港口、能源、工业厂房及设备的安装及搬运等作业……
中联重科ZCC550履带起重机,ZCC550液压履带式起重机是中联重科小吨位系列产品，该产品具有主臂、固定副臂两个基本工况，可广泛用于城市建设与改造，公路、铁路、桥梁、港口、能源、工业厂房及设备的安装及搬运等作业……
中联重科ZCC750履带起重机,ZCC750是中联重科小吨位系列产品，该产品具有主臂、固定副臂，新增带副臂主臂作业工况，提高切换工况效率……
中联重科ZCC750履带起重机,ZCC750是中联重科小吨位系列产品，该产品具有主臂、固定副臂，新增带副臂主臂作业工况，提高切换工况效率……
中联重科ZCC800H履带起重机,ZCC800是中联重科小吨位系列产品，该产品具有主臂、固定副臂两种工况。产品设计、制造、检验等过程完全符合CE标准严格执行，确保提供给客户的最完美品质产品……
中联重科ZCC800H履带起重机,ZCC800是中联重科小吨位系列产品，该产品具有主臂、固定副臂两种工况。产品设计、制造、检验等过程完全符合CE标准严格执行，确保提供给客户的最完美品质产品……
中联重科ZLJ5150JXFYT25型多功能云梯消防车,ZLJ5150JXFYT25型多功能云梯消防车产品简介：? 中联牌ZLJ5150JXFYT25型云梯消防车是我公司在已有举高类消防车辆产品基础上，结合消防作战的实际需求，通过对原有……
阿特拉斯・科普柯C 135液压破碎锤,阿特拉斯・科普柯的 C 系列破碎锤专为满足中国建筑市场的需求而设计。由于采用独立的设计，本款破碎锤易于操作且成为中国建筑市场中优质破碎机系列的强大的替代产品……
中联重科QUY350履带起重机,安全的控制系统：工作和安装两种操作模式方便可靠；配有水平度接地比压及重心的实时显示、离机停止动作、紧急电气控制、防雷击保护、行走自动调向、闭路监控等功能，安全及监控装置齐全；2、卓……
中联重科QUY350履带起重机,安全的控制系统：工作和安装两种操作模式方便可靠；配有水平度接地比压及重心的实时显示、离机停止动作、紧急电气控制、防雷击保护、行走自动调向、闭路监控等功能，安全及监控装置齐全；2、卓……
中联重科QUY180履带起重机,安全的控制系统：工作和安装两种操作模式方便可靠；配有水平度实时显示、离机停止动作、紧急电气控制、防雷击保护、行走自动调向、闭路监控等功能，安全及监控装置齐全；2、卓越的操作性能：负……
中联重科QUY260履带起重机,安全的控制系统：工作和安装两种操作模式方便可靠；配有水平度实时显示、离机停止动作、紧急电气控制、防雷击保护、行走自动调向、闭路监控等功能，安全及监控装置齐全；2、卓越的操作性能：负……
中联重科QUY260履带起重机,安全的控制系统：工作和安装两种操作模式方便可靠；配有水平度实时显示、离机停止动作、紧急电气控制、防雷击保护、行走自动调向、闭路监控等功能，安全及监控装置齐全；2、卓越的操作性能：负……
中联重科QUY180履带起重机,安全的控制系统：工作和安装两种操作模式方便可靠；配有水平度实时显示、离机停止动作、紧急电气控制、防雷击保护、行走自动调向、闭路监控等功能，安全及监控装置齐全；2、卓越的操作性能：负……
三一重工SCC10000履带起重机,安全的控制系统工作和安装两种操作模式，方便可靠；配有水平度实时显示、离机停止动作、紧急电气控制、防雷击保护、行走自动调向、闭路监控等功能，安全及监控装置齐全；卓越的操作性能负荷传感……
三一重工SCC10000履带起重机,安全的控制系统工作和安装两种操作模式，方便可靠；配有水平度实时显示、离机停止动作、紧急电气控制、防雷击保护、行走自动调向、闭路监控等功能，安全及监控装置齐全；卓越的操作性能负荷传感……
三一重工SCC5000A履带起重机,安全的控制系统工作和安装两种操作模式操作简便，配有接地比压和水平度实时显示、离机停止动作、紧急电气控制、防雷击保护、行走自动调向、安全及监控系统齐全；可靠的功能保证关键部件全部采用……
三一重工SCC900E履带起重机,安全的控制系统工作和安装两种操作模式方便可靠，集成控制显示系统，紧急电气控制、安全及监控装置齐全，选配监控系统。卓越的操作性能良好的微动性能及复合动作，操作平稳……
三一重工SCC550E履带起重机,安全的控制系统工作和安装两种操作模式方便可靠；配有电子水平仪、离机停止动作、紧急电气控制等功能，安全及监控装置齐全；力矩限制器实现免标定，设备安全性更高，辅助作业时间更少；标配臂架……
三一重工SCC600E履带起重机,安全的控制系统工作和安装两种操作模式方便可靠；配有电子水平仪、离机停止动作、紧急电气控制等功能，安全及监控装置齐全；力矩限制器实现免标定，设备安全性更高，辅助作业时间更少；标配臂架……
三一重工SCC550E履带起重机,安全的控制系统工作和安装两种操作模式方便可靠；配有电子水平仪、离机停止动作、紧急电气控制等功能，安全及监控装置齐全；力矩限制器实现免标定，设备安全性更高，辅助作业时间更少；标配臂架……
三一重工SCC2600A履带起重机,安全的控制系统工作和安装两种操作模式方便可靠；配有电子水平仪和水泡水平仪双重保障，实时显示；离机停止动作、紧急电气控制、防雷击保护、行走自动换向、闭路监控等功能，安全及监控系统齐全……
三一重工SCC2600A履带起重机,安全的控制系统工作和安装两种操作模式方便可靠；配有电子水平仪和水泡水平仪双重保障，实时显示；离机停止动作、紧急电气控制、防雷击保护、行走自动换向、闭路监控等功能，安全及监控系统齐全……
三一重工SCC6500E履带起重机,安全的控制系统工作和安装两种操作模式方便可靠；配有接地比压和水平度实时显示、离机停止动作、紧急电气控制、防雷击保护、行走自动调向、闭路监控等功能，安全及监控系统齐全；卓越的操作性能……
三一重工SCC6500E履带起重机,安全的控制系统工作和安装两种操作模式方便可靠；配有接地比压和水平度实时显示、离机停止动作、紧急电气控制、防雷击保护、行走自动调向、闭路监控等功能，安全及监控系统齐全；卓越的操作性能……
三一重工SCC4000E履带起重机,安全的控制系统工作和安装两种操作模式方便可靠；配有力矩限制器、电子水平仪、接地比压实时监控显示、臂架防后倾、离机停止动作、紧急电气控制、防雷击保护、行走自动调向、闭路监控等功能，安……
三一重工SCC4000E履带起重机,安全的控制系统工作和安装两种操作模式方便可靠；配有力矩限制器、电子水平仪、接地比压实时监控显示、臂架防后倾、离机停止动作、紧急电气控制、防雷击保护、行走自动调向、闭路监控等功能，安……
三一重工SCC8150履带起重机,安全的控制系统工作和安装两种操作模式方便可靠；配有水 平度实时显示、离机停止动作、紧急电气控 制、防雷击保护、行走自动调向、闭路监控 等功能，安全及监控系统齐全；卓越的操作性能负荷……
三一重工SCC8150履带起重机,安全的控制系统工作和安装两种操作模式方便可靠；配有水 平度实时显示、离机停止动作、紧急电气控 制、防雷击保护、行走自动调向、闭路监控 等功能，安全及监控系统齐全；卓越的操作性能负荷……
三一重工SCC1500D履带起重机,安全的控制系统工作和安装两种操作模式方便可靠；配有水平度实时显示、离机停止动作、紧急电气控制、防雷击保护、行走自动调向、闭路监控等功能，安全及监控系统齐全；卓越的操作性能负荷传感、……
三一重工SCC1000C履带起重机,安全的控制系统工作和安装两种操作模式方便可靠；配有水平度实时显示、离机停止动作、紧急电气控制、防雷击保护、行走自动调向、闭路监控等功能，安全及监控系统齐全；卓越的操作性能负荷传感、……
三一重工SCC1500D履带起重机,安全的控制系统工作和安装两种操作模式方便可靠；配有水平度实时显示、离机停止动作、紧急电气控制、防雷击保护、行走自动调向、闭路监控等功能，安全及监控系统齐全；卓越的操作性能负荷传感、……
三一重工SCC7500履带起重机,安全的控制系统工作和安装两种操作模式方便可靠；配有水平度实时显示、离机停止动作、紧急电气控制、防雷击保护、行走自动调向、闭路监控等功能，安全及监控装置齐全；卓越的操作性能负荷传感、……
三一重工SCC8200履带起重机,安全的控制系统工作和安装两种操作模式方便可靠；配有水平度实时显示、离机停止动作、紧急电气控制、防雷击保护、行走自动调向、闭路监控等功能，安全及监控装置齐全；卓越的操作性能负荷传感、……
三一重工SCC8200履带起重机,安全的控制系统工作和安装两种操作模式方便可靠；配有水平度实时显示、离机停止动作、紧急电气控制、防雷击保护、行走自动调向、闭路监控等功能，安全及监控装置齐全；卓越的操作性能负荷传感、……
三一重工SCC7500履带起重机,安全的控制系统工作和安装两种操作模式方便可靠；配有水平度实时显示、离机停止动作、紧急电气控制、防雷击保护、行走自动调向、闭路监控等功能，安全及监控装置齐全；卓越的操作性能负荷传感、……
永恒力EMC 110/B10步行式电动堆垛机,安全舒适的堆垛存取作业所有的提升及下降功能集成在舵头上，这样不仅仅避免了操作者需要绕开舵柄靠近车体，而且还保证了操作者与货物之间保持安全的距离。此外在货架上进行精确的堆垛作业……
辽筑LRZ―6.0A沥青乳化设备,安装注意事项供给的三相电源应有过载、漏电保护装置……
美卓巴马克B系列VSI破碎机,巴马克的工作原理巴马克VSI自作用破碎机以破碎操作核心位置处的石料衬转子为特色。此转子可将石料流连续不断地送入巴马克VSI的石料衬破碎腔内……
航天晨光CGJ-EPC-08A自行走剪叉式电驱动高空作业平台,本高空作业平台由作业槽、剪叉臂、底架、蓄电池、电气系统、液压系统等部分构成。主要用于建筑现场、机场维修、仓储物流、厂房货架或装配等高空工作场合……
柳工QUY55履带起重机,变幅机构 ・变幅机构由液压马达、卷扬减速机、制动器、钢丝绳过放保护装置、棘爪锁止机构及钢丝绳组成，制动器为内藏湿式常闭制动器。通过变幅卷扬改变变幅滑轮组之间的钢丝绳长度使臂架变幅……
柳工QUY55履带起重机,变幅机构 ・变幅机构由液压马达、卷扬减速机、制动器、钢丝绳过放保护装置、棘爪锁止机构及钢丝绳组成，制动器为内藏湿式常闭制动器。通过变幅卷扬改变变幅滑轮组之间的钢丝绳长度使臂架变幅……
柳工QUY55履带起重机,变幅机构 ・变幅机构由液压马达、卷扬减速机、制动器、钢丝绳过放保护装置、棘爪锁止机构及钢丝绳组成，制动器为内藏湿式常闭制动器。通过变幅卷扬改变变幅滑轮组之间的钢丝绳长度使臂架变幅……
柳工QUY55履带起重机,变幅机构 ・变幅机构由液压马达、卷扬减速机、制动器、钢丝绳过放保护装置、棘爪锁止机构及钢丝绳组成，制动器为内藏湿式常闭制动器。通过变幅卷扬改变变幅滑轮组之间的钢丝绳长度使臂架变幅……
柳工CC1000履带起重机,变幅机构 变幅机构由液压马达、卷扬减速机、制动器、钢丝绳过放保护装置、棘爪锁止机构及钢丝绳组成，制动器为内藏湿式常闭制动器。变幅减速机及马达均为欧洲进口……
柳工CC1000履带起重机,变幅机构 变幅机构由液压马达、卷扬减速机、制动器、钢丝绳过放保护装置、棘爪锁止机构及钢丝绳组成，制动器为内藏湿式常闭制动器。变幅减速机及马达均为欧洲进口……
柳工CC1000履带起重机,变幅机构 变幅机构由液压马达、卷扬减速机、制动器、钢丝绳过放保护装置、棘爪锁止机构及钢丝绳组成，制动器为内藏湿式常闭制动器。变幅减速机及马达均为欧洲进口……
中建机械变频中速SC200/200施工升降机,"标准配置高度100m，额定提升速度0~63m/min，吊笼内部尺寸3.2m×1.5m×2.5m，吊笼自重1500×2kg,最大附着高度200m，标准节厚度为6mm，材料采用无缝钢管……"
波坦MC480塔式起重机,波坦公司一直在塔式起重机方面处于领先位置。迄今为止已在全球销售并竖立超过100000台塔机。 目前，该公司在法国、德国、意大利、葡萄牙和中国的工厂生产60余种型号塔式起重机……
波坦MC480塔式起重机,波坦公司一直在塔式起重机方面处于领先位置。迄今为止已在全球销售并竖立超过100000台塔机。 目前，该公司在法国、德国、意大利、葡萄牙和中国的工厂生产60余种型号塔式起重机……
华中建机HZQ系列步履式架桥机,步履式架桥机是依托市场需要、根据现场实际工况要求、结合我公司现有的成功经验、博众家之长、经过细心设计和精心制造而产生的一种新型架桥机……
科朗ES 4000系列步行式堆高机,步行式堆高机具有广泛的应用范围且跨越不同的行业……
科朗ET 4000 系列站驾式堆高机,步行式堆高机具有广泛的应用范围且跨越不同的行业……
三一重工MG500/1240-WD1500系列采煤机,采高范围1600-3200mm适应倾角≤15°煤质硬度f≤4装机总功率1240KW外型尺寸长15183mm(滚筒φ1600mm)宽2989/3213mm高3200/3274mm滚筒……
三一重工MG700/1740-WD1500系列采煤机,采高范围2240-4503mm适应倾角≤15°煤质硬度f≤4装机总功率1740KW外型尺寸长16436mm(滚筒φ2240mm)宽3212mm高4503mm滚筒直径φ2000mm;……
三民重科YSYA-160侧装式垃圾压缩车,侧装式压缩机广泛应用于居民小区、校园、公园、厂区、车站、码头、街道和农村等利用小型收集工具(如人力车、垃圾桶等)收集垃圾后进行转运的垃圾中转站或收集站，是一种世界各国普遍首选的垃圾……
大连叉车15吨轻型内燃平衡重叉车,叉车型号：CPCD150设备代码: CD-QB CD-QFB额定起重量(Kg)：15000 最大起升高度(mm)：4000 载荷中心距(mm)：600 最大起升速度(满载)(mm/……
大连叉车FD420五层重箱作业叉车,叉车型号：FD420 设备代码:额定起重量(Kg)：25000 最大起升高度(mm)：12500 吊具形式：上属具 载荷中心距(mm)：1220 最大起升速度(mm/s)：200 ……
德科达DK6-15B(单料)自动砌块成型机砖机,"产量表产品规格每板块数块/1小时块/8小时块/300(两班)砌块390*190*19061,44011,5206,912,000多孔砖240*115*90153,60028,800……"
抚挖QUY35 液压履带式起重机履带起重机,产品参数  QUY35液压履带式起重机主要技术参数项目名称单位数 值最大额定起重量t35主臂长度m10-40主臂+副臂最大长度m31+15.25起重臂变幅角度°30-80提升钢绳速……
抚挖QUY35 液压履带式起重机履带起重机,产品参数  QUY35液压履带式起重机主要技术参数项目名称单位数 值最大额定起重量t35主臂长度m10-40主臂+副臂最大长度m31+15.25起重臂变幅角度°30-80提升钢绳速……
潍坊百利悍沃404A拖拉机,产品参数:拖拉机型号404A型式四轮驱动标定牵引力KN8最大牵引功率KW≥22.05动力输出功率?KW25外型尺寸mm长3350宽1610高1900前轮轮距mm1220后轮轮距mm……
江特久龙牌9.45方加油车{上户无忧},产品号ZL2D24WP033批次275产品IDP7158551发布日期20150812生产地址湖北省随州市经济开发区波导大道9号目录序号(十七)08总质量(kg)11495整备质量……
古河F35液压破碎锤F系列,产品介绍……
祥达（XD8-15）自动式砌块成型机砖机,"产品类型 产品类型 块/周期 块/小时 块/8小时 块/年（300天计） 空心砖 390190190mm8190015,000块 4，600，000块 多孔砖 24011590mm……"
奥驰汽车奥驰随车起重运输车,产品亮点■ 动力十足发动机动力强劲，可靠性高，节油环保。■ 坚固耐用车架采用双层车架，局部三层梁结构，抗弯曲、抗疲劳性能突出，安全可靠……
奥驰汽车奥驰自卸式垃圾车,产品亮点■ 动力十足发动机动力强劲，可靠性高，节油环保。■ 坚固耐用专用机构机构合理、结构可靠。■ 运行高效可自行吊装、自卸，一车配备多个环卫箱，循环运输……
运想重工20米直臂GTBZ20、GTBZ22Z高空作业平台,产品描述：GTBZ20 GTBZ22Z工作高度22.4m73ft  23.9m78ft水平延伸19.1m63ft 20.2m66ft承载能力480kg1056lbs 480kg10……
楚飞楚飞牌CLQ5140ZYS3型压缩式垃圾车,产品名称：CLQ5140ZYS3公告批次：247底盘型号：EQ3142GD4JAC排放标准：-总质量：14340(Kg)接近/离去角：27/13(°)额定质量：6000(Kg)前悬……
楚飞解放小三轴运油车/22.2立方油罐车,"产品名称：CLQ5251GYY3CA公告批次：240底盘型号：CA1251P1K2L7T3EA80排放标准：-总质量：25000(Kg)接近/离去角：15/9,15/10(°)额定……"
江特东风国四勾臂垃圾车,产品名称：CLW5040ZXX4型车厢可卸式垃圾车外型尺寸：4570X1780X2090(mm)底盘型号：DFA1041SJ30D2货厢尺寸：XX (mm)总质量：4370(Kg)……
楚飞东风153道路清障车,产品名称：东风153道路清障车公告批次：209底盘型号：EQ5161GFJ6排放标准：-总质量：15700(Kg)接近/离去角：24/9(°)额定质量：-(Kg)前悬后悬：1245……
楚飞福田时代道路（一拖二）清障车,产品名称：福田时代道路清障车（一拖二）公告批次：188底盘型号：BJ1083VDJFA排放标准：-总质量：8495(Kg)接近/离去角：21/11(°)额定质量：-(Kg)前悬后悬……
楚飞解放前四后八（22.5立方）运油车,产品名称：解放前四后八运油车-CA5310GYYP66K2L7T4E4型公告批次：257底盘型号：CA5310GYYP66K2L7T4E4排放标准：国四总质量：31000(Kg)接……
厦工楚胜国四解放J6前四后八运油车,"产品名称：运油车车辆型号CLQ5310GYY4CA底盘型号CA5310GYYP63K2L6T4E4底盘参数燃料种类柴油依据标准GB3847-2005,GB17691-2005国IV……"
厦工楚胜SLA5251ZXXDFL8车厢可卸式垃圾车,"产品名称车厢可卸式垃圾车车辆型号SLA5251ZXXDFL8底盘型号DFL1250A11底盘参数燃料种类柴油依据标准GB3847-2005,GB17691-2005国Ⅲ整车外形尺寸……"
厦工楚胜东风凯普特加强型清障车,"产品名称东风凯普特加强型清障车车辆型号HLQ5090TQZP底盘型号EQ1090T9ADJ3AC底盘参数燃料种类柴油依据标准GB3847-2005,GB17691-2005国Ⅲ整车……"
厦工楚胜泡沫消防车-EQ1126KJ1,"产品名称泡沫消防车 车辆型号WHG5120GXFPM40 底盘型号 EQ1126KJ1 底盘参数 燃料种类柴油依据标准GB3847-2005,GB17691-2005第三阶段 整车……"
江特东风多利卡国四加油车,产品商标程力威牌公告批次270产品名称加油车产品型号CLW5081GJYD4型加油车总质量(Kg)8275罐体容积(m3)5.66额定载质量(Kg)3775外形尺寸(mm)7000……
江特江淮国四清障车（环保燃油）,产品商标华通牌公告批次253产品名称清障车产品型号HCQ5083TQZHC型清障车总质量(Kg)8495罐体容积(m3)额定载质量(Kg)外形尺寸(mm)7490×2300×250……
东风斯太尔后双桥清障车清障车,产品说明 清障车：该产品集托举，托牵及装载车辆运输于一体，可快速完成对事故车辆的现场施救。有清障平板车，及托吊连体型清障车两种类型……
东风斯太尔四轴油罐运输车油罐车,产品说明 油罐车：专用性能特点：碳钢结构或不锈钢罐体，可内忖滚塑或玻璃钢板。可独立分仓，分装不同的油品，可选装自吸泵或齿轮泵，可实现泵进、泵出或自流……
东风斯太尔前四后八油罐车油罐车,产品说明 油罐车：专用性能特点：碳钢结构或不锈钢罐体，可内忖滚塑或玻璃钢板。可独立分仓，分装不同的油品，可选装自吸泵或齿轮泵，可实现泵进、泵出或自流……
山推DG20B登高平台消防车,"产品特点：● 折曲式臂架结构,作业幅度大、跨越障碍能力强。● 进口电液比例控制系统,作业平稳,微动性好。● 进口发电机组及大功率照明系统。● 进口应急动力装置……"
山东常林沭河SH800C拖拉机,产品特点：・产品轴距加长，增加了产品的爬坡牵引力；・宽阔明亮的全玻璃封闭驾驶室，视野开阔、操控更舒适，可满足运输用户群体的需求……
方圆SC200/200变频施工升降机,"产品特点：１.SC系列施工升降机最大设计高度300米,速度为33～60m/min；２.产品应用先进的Solid works三维绘图软件进行产品设计，已先后获得七项国家专利；３.安全……"
井关T系列T954动力机械,产品特点：1.搭载高性能柴油发动机采用铂金斯的立式水冷4冲程4缸、总排气量为4400cc、98.6马力的大排量高性能柴油发动机……
九方泰禾DK系列DK850轮式拖拉机,产品特点：采用国Ⅱ排放涡轮增压发动机，扭矩储备30%，绿色环保，强劲有力；2、选用德国LUK离合器，安全可靠；3、摆线转阀式、全液压转向器，双式静液压制动系统，操作轻便灵活、作业精……
中联重科重机耕王RK454拖拉机,产品特点动力强，性能好，适用范围广● 匹配国内名优国Ⅱ发动机，动力强劲，安全性高、扭矩储备系数大；● 加强型双速动力输出，配套机具范围广；● 新一代流线型机罩美观大气，满足安全、防……
斗山HB03破碎锤,"产品特性和优势?通过全国服务网络,由服务技术人员进行专业的售后支援,一站式服务方便快捷? 破碎器融入专业的外观设计，强化了焊接工艺，经过多次结构及耐久性测试，确保最优的产品质量? ……"
东迈重工E8/E12型纯电动柱式,产品特征1，无液压系统，避免了使用时的泄漏和维修时的污染，适用于环保要求更高的工作场所2，配备24V高能量蓄电池，无液压系统造成的能量损耗，可持续工作时间长3，CAN总线连接，采用……
泰安五岳TAZ5283JQJA型桥梁检测车,产品型号名称TAZ5283JQJA桥梁检测车产品商标五岳牌外形尺寸(mm)长*宽*高13250 * 2500 * 4000燃料种类-排放依据标准-排量(ml)/功率(kw)-转向型……
世邦VSI系列冲击式破碎机,产品优势处理量大、产量高 2、耐磨件消耗低3、产品粒形优异 4、液压装置、易于维护5、安装简便、易于操作6、自动检测、安全可靠7、一机多用、应用灵活8、稀油润滑、自动保养9、国际品……
东蒙机械GXF系列高效复合破碎机,产品优势和特点● 粗破、细破合为一体，简化了流程 ● 破碎物料单位能耗降低 ● 设备成本低 ● 维修费用低……
抚挖QUY90 液压履带式起重机履带起重机,产品展示QUY90&gt; 返 回  ---- 产品介绍 △工况齐全，有塔式工况；△整机结构简洁，回转半径小，适合狭窄环境；△动力系统及液压导流主要元件均采用美国、德国等供应商配套……
厦金XJ968-28卷钢堆高机,产品自重31吨；节能专利型潍柴175KW/h（达235马力）动力，内带多项专利、节能、稳定、更加适用于灰尘多的作业环境；前轮配装贵州“前进”三颗星26.5钢丝胎，后轮配“前进”牌2……
柳工LCK63随车起重运输车,超长吊臂，超广作业范围；2、浮动式三点桥结构，能够有效降低行驶时底盘大梁的附加力；3、独特的六边形吊臂技术，能够很大地增加吊臂抗弯能力并大大提升起重性能；4、先进的液压与电器控制技……
粤工清障车系列,车 型SGG5100TQZ（JYD15）SGG5110TQZ（JYD10）SGG5071TQZ（JYD5A）SGG5072TQZ（JYDK5）SGG5090TQZ（QX3.2)SG……
中通汽车ZTQ5040ZZZBJF30D(7方)侧装垃圾车,车型型号ZTQ5040ZZZBJF30D(7方)底盘BJ3045D9PB5-2(福田)发动机4A1-68C40 发动机功率(kw)50 排放标准国IV 轮胎规格6.50-16 轴距……
"威克诺森G 150, G 180移动发电机",成熟坚固的设计提供非凡价值坚固耐用的静音柴油发电机为需要安静可靠电源的较大型建筑、工业、商业、特殊活动及应急管理应用提供移动原动力……
凯兴PC系列锤式破碎机,锤式破碎机的主要工作部件为带有锤子（又称锤头）的转子。转子由主轴、圆盘、销轴和锤子组成。电动机带动转子在破碎腔内高速旋转……
欧亚机械EP 8000沥青乳化设备,从18世纪中期，欧洲开始公路养护，在公路养护所有的材料中，效果最好的是乳化沥青……
卡特彼勒CG260-12燃气发电机组,从设施的天然气燃料热电联供（CHP）系统和应急供电，到可为当地电网提供支持的可再生沼气能源，再到煤矿瓦斯发电，Caterpillar 拥有广泛而可靠的燃气发电解决方案……
卡特彼勒CG260-16燃气发电机组,从设施的天然气燃料热电联供（CHP）系统和应急供电，到可为当地电网提供支持的可再生沼气能源，再到煤矿瓦斯发电，Caterpillar 拥有广泛而可靠的燃气发电解决方案……
"威克诺森G 7AI, GS 12AI便携式发电机",带附加安全功能的全能产品：在供电领域，G-系列便携式发电机是一种全能产品。 可为建筑、工业、商业、农业及自行制作（D-I-Y ）应用提供可靠的电源……
吉尼Genie? GR?-26J高空作业平台,带滑动中间栏杆的0.90米×0.75米标准钢质平台液压旋转转盘全比例提升和驱动系统全高度行驶15厘米（6英寸）低平台入口高度坚固的免维护钢质液压桅杆44.8英寸（1.14米）紧凑宽……
华中建机电动单梁桥式起重机,单梁桥式起重机其结构特点是电动葫芦或手动单轨小车沿主梁工字钢下翼缘运行，进行物料搬运作业，通常用于车间、仓库等物料搬运作业，其中手动单梁起重机用于不允许用电或无电源场合……
世工SG40三角型破碎锤,"单位SG40驱动重量kg/1bs320/705驱动油压barpsi95~1301,377~1,855最大油压bar/psi170~2,465驱动油量1/min30~60钢钎直径mm……"
东泷弹簧圆锥式破碎机,弹簧圆锥式破碎机具有更高的生产能力、更高的质量；减少停机时间；便于维修，维修费用低；可在中碎、细碎、超细作业中提供无与伦比的破碎性……
陕汽清障车,道路清障车是指装备有起重、托举、拖拽等设备，用于清除道路故障车辆及其他障碍物的专用车辆，具有起重、托举、托牵作业于一体的功能……
徐工DG32C登高平台消防车,德国奔驰Axor2628底盘；3节伸缩臂+1节折叠臂结构；工作平台最大负载400kg，工作平台上预留救生通道，可通过多种渠道实施救援；整机具有半边作业工况，配置集中润滑系统；电液比……
泉工QT4-20砌块成型机,"电气系统采用可编程控制器PLC控制,配备数据输入输出装置，控制系统包括安全逻辑及故障诊断系统……"
三一重工EBZ200二代悬臂式掘进机,定位截割高度2.4m～5.2m定位截割宽度3.7m～6.5m爬坡能力±18°最大/经济截割岩石单向抗压强度≤90/70MPa外型尺寸长10.6m宽1.铲板宽:3.6m2.履带两侧宽……
三一重工EBZ230悬臂式掘进机,定位截割高度2.4m～5.2m定位截割宽度3.7m～6.5m爬坡能力±18°最大/经济截割岩石单向抗压强度≤90/75MPa外型尺寸长11.1m宽1.铲板宽:3.6m2.履带两侧宽……
三一重工EBH418悬臂式掘进机,定位截割高度4.0m～6.1m定位截割宽度4.0m～8.4m爬坡能力±18°最大/经济截割岩石单向抗压强度≤130/110MPa外型尺寸长13.4m宽1.铲板宽:3.6m2..机身……
三一重工EBZ260D大坡度岩巷掘进机,定位截割高度拱形巷道3.3m-5.36m矩形巷道3.0m-5.36m外形尺寸长15.5m宽1.履带两侧宽2.8m2.机身最宽处宽3.6m高1.机身高2.0m2.切割头水平放置最高点……
三一重工EBZ200G悬臂式掘进机,定位掘进高度拱形巷道3.3m-4.8m矩形巷道配除尘器3.3m-4.8m不配除尘器2.6m～4.8m定位掘进宽度配宽3.6m铲板4.2m-6.3m配宽3m铲板3.6m-6.3m配宽……
三一重工EBZ200H悬臂式掘进机,定位掘进高度拱形巷道3.3m-4.8m矩形巷道配除尘器3.3m-4.8m不配除尘器2.6m～4.8m定位掘进宽度配宽3.6m铲板4.2m-6m配宽3m铲板3.6m-6m配宽3.2m……
东正东风小霸王随车起重机,东风金霸随车起重运输车主要技术参数产品名称：东风小霸王随车起重运输车外型尺寸：5995×1980×2950(mm)底盘型号：EQ1060TJ20D3货厢尺寸：3500×1880×4……
程力东风天锦随车起重运输车-12200kg,"东风天锦随车起重运输车产品主要技术资料产品名称：东风天锦随车起重运输车外型尺寸(mm)：9000×2490×3300底盘型号：DFL1120B货厢尺寸(mm)：5750,6000 ……"
湖北合力东风天龙前四后八加油车,"东风天龙前四后八加油车产品主要技术资料产品名称：东风天龙前四后八加油车外型尺寸(mm)：11990×2500×3160,3690底盘型号：DFL1311A3货厢尺寸(mm)：××总……"
湖北合力东风天龙小三轴运油车,"东风天龙小三轴运油车产品主要技术资料产品名称：东风天龙小三轴运油车外型尺寸(mm)：11800×2480×3100,3690底盘型号：DFL1253AX货厢尺寸(mm)：××总 质……"
东正东风小霸王油车,东风小霸王加油车主要技术参数产品名称：东风小霸王加油车外型尺寸：5995×2000×2300(mm)底盘型号：EQ1040TJ20D3货厢尺寸：××(mm)总质量：4495(kg)……
中建机械QTZ7033塔式起重机,独立高度52m，最大附着高度238m，最大起重量16t……
中建机械QTZ7033塔式起重机,独立高度52m，最大附着高度238m，最大起重量16t……
海斯特H16.00XM~H22.00XM-12EC堆高机,独特的两级门架提升系统( 1:4提升率)，可延长油缸使用寿命，提高提升速度；Cummins QSB系列工业发动机，带重载空气滤清器和发动机保护系统，动力清洁强劲，尾气排放符合对NR……
冀中能源ZDY系列多功能掘进机,对掘进巷道的瓦斯和水含量进行提前探测，对巷道的顶及两侧帮进行锚杆锚固工作，可成功避免掘进中出现瓦斯突出、透顶、透水等重大事故，还可以在巷道断面、巷道顶面及巷道两侧面进行垂直钻孔作业……
山河智能MG550/1230-WD采煤机,多电动机驱动、横向布置，结构简单，传动可靠。 2、截割电动机横向布置在摇臂上，摇臂和机身间没有动力传递……
力沅10吨4节臂随车起重机,额定最大起重量(KG)9000最大工作半径(mm)13500变幅角度范围1-75°液压系统工作压力MPQ20回转角度范围360°起重机质量（KG）2895邮箱容积（L）100安装空……
柳工CC800履带起重机,发动机 ・ 潍柴发动机，直列6缸，全电控+高压共轨燃油系统，具有优异的冷启动性能……
柳工CC800履带起重机,发动机 ・ 潍柴发动机，直列6缸，全电控+高压共轨燃油系统，具有优异的冷启动性能……
利勃海尔HS 8300HD Hybrid履带起重机,发动机输出功率725 kW/986 HP(ISO 9249)最大卷扬机钢丝绳1层拉力500 kN最大主动臂68 m配备蚌式挖斗时的最大动臂长度68 m工作重量ca. 350 t……
厦工TBM 硬岩掘进机,"分为敞开式TBM，单护盾TBM，双护盾TBM,斜井TBM及竖井TBM……"
中国重汽ZZ5251ZLJN384GD1自卸式垃圾车,该车为中国重汽成熟产品，结构稳定可靠，承载能力强，动力强劲，性能稳定可靠，市场认知度较高，满足工地，矿区等恶劣环境使用要求，适用于短途矿山土石方施工及工程建筑施工……
山特重工铣挖头掘进机,该公司公司最新推出掘进机，煤矿机械，工程机械，隧道机械，矿山机械，扒装机，扒渣机，电动挖掘机，电动防爆扒渣机，电动防爆挖掘机，卸煤机，履带式扒渣机，履带式挖掘机，履带式防爆扒渣机，……
中传重装EBZ132标准型掘进机,该机适用于煤巷、半煤岩巷以及软岩巷道的快速掘进，也可在铁路、公路、水力工程等隧道施工中使用。最大定位截割断面22m2，最大截割硬度为70MPa。爬坡能力为±18°……
国发JKY双级硬塑真空挤出机,该挤出机以其良好的运转性能和广泛的功能，在硬塑挤出方面有着绝对的优势，以高质量高效率满足用户的要求……
鑫衢沥青乳化设备,该设备采用国内领先的RH-6型胶体磨乳化机设计制造的一种实用型乳化沥青设备，分为智能型独立直热式和独立导热油式乳化沥青生产成套设备，其具有造价低廉、搬动方便、操作简单……
源流长LRH6000型移动式沥青乳化设备,该设备由沥青过渡罐、乳化液掺配罐、成品罐、调速沥青泵、乳化主机、成品输送泵、电控柜、大底板管道阀门等组成……
宝达SCD200(/200)系列施工升降机,该系列施工升降机是有对重的、额定载重量为2000公斤(约7000磅)的机型，包括SCD200/200V、SCD200V(高速、变频无极调速的双笼、单笼)、SCD200/200VA(……
GBPSCZFB12F破碎锤,"该型号钢钎直径为154mm,适28-36吨挖掘机装配，全新设计行程加大，活塞增粗，钢钎变细，固体结构更强，内置主控换向阀，打击更强劲有力，整机重量不增，操控更灵活……"
宝骊S系列CPC(D)30内燃平衡重式叉车,概要型号CPC(D)30额定载荷kg3000载荷中心距mm500尺寸起升高度 Lift heightmm3000外形尺寸总长mm2740总宽mm1225门架不起升高度mm2080门……
三一重工SCC36000A履带起重机,高效实用的作业模式超起半径可调，超起配重可分级。创新的臂架系统采用人字双臂架基本臂及双主弦管单臂节相结合的臂架系统，臂架系统承载能力更强，拆装运输更高效、更经济……
航天新长征HTF-GK140高空作业平台,规格SpecificationHTF-GK140 标准配置 Standard equipment 选装配置 Options性能参数Performance parameter● Ca……
金土地S135神斧挖掘机破碎锤,规格名称 单位 S135 总重量 Kg 1650 液压油压力 Kg/cm2 160-180 液压油流量 L/min 130-150 打击频率 bpm 400-800 钎杆直径 mm……
诺森NSB53塔式破碎锤,规格说明单位NSB53塔型* 总重量Kg175打击频率bpm600~950工作压力bar90~120溢流阀压力bar140~160驱动油量l/min25~40钎杆直径mm53油管直……
海斯特H40.00XM~H50.00XM-16CH堆高机,海斯特集装箱专用装卸机械，滑架重量轻，且免维护，使承载力最大化；Cummins QSB系列工业发动机，带重载空气滤清器和发动机保护系统，动力清洁强劲，尾气排放符合对NRMM的Tie……
无锡泰特乳化沥青设备,号 名 称 型号或技术参数或外型尺寸 备 注 1设备型号 LRS-62设备产量 1~6t/h3主框架 L*W*H=7900*2000*2200mm4热水罐 容量 4.0m3外型 L……
合力CPCD180EC5-Vo型集装箱空箱堆高机,合力CPCD180EC5-Vo型集装箱空箱堆高机可应用在集装箱制造、维修企业，集装箱中转站，港口等场所，进行集装箱空箱的搬运和堆垛……
合力CPCD250EC7-Vo型集装箱空箱堆高机,合力CPCD250EC7-Vo型集装箱空箱堆高机可应用在集装箱制造、维修企业，集装箱中转站，港口等场所，进行集装箱空箱的搬运和堆垛……
恒升建机变频无级调速施工升降机,恒升牌SC系列施工升降机为齿轮、齿条式转动，采用国内外先进技术，经自行多年消化、创新，设计新颖、结构合理、操作方便、装拆方便、外形美观，工作安全可靠……
虎霸QUY50履带起重机,虎霸重工是履带式起重机械专业制造企业，本公司与国内著名的大专院校合作，引进先进的设计理念，结合多年来积累的起重机械制造经验，研发出了具有先进技术、卓越性能的履带式起重机产品……
虎霸QUY50履带起重机,虎霸重工是履带式起重机械专业制造企业，本公司与国内著名的大专院校合作，引进先进的设计理念，结合多年来积累的起重机械制造经验，研发出了具有先进技术、卓越性能的履带式起重机产品……
虎霸QUY50履带起重机,虎霸重工是履带式起重机械专业制造企业，本公司与国内著名的大专院校合作，引进先进的设计理念，结合多年来积累的起重机械制造经验，研发出了具有先进技术、卓越性能的履带式起重机产品……
三一重工SCC8300履带起重机,环境适应：整机可运行温度范围为-30°C到50°C，可在海拔2000m以内及大风沙环境中运行（需选配部分元件后才可实现）；机构参数：主变幅时间2min，主提升速度140m/min，……
三一重工SCC8300履带起重机,环境适应：整机可运行温度范围为-30°C到50°C，可在海拔2000m以内及大风沙环境中运行（需选配部分元件后才可实现）；机构参数：主变幅时间2min，主提升速度140m/min，……
徐工GKH30自行式登高作业平台,机动性能・四轮驱动，车桥扩张，保证良好的稳定性，满足多种作业环境。・360°连续回转维护・采用美国康明斯发动机，动力强劲，节能环保。・翼式发动机罩，辅助开启的气压方式，方便维修……
三联机械QT10-15型砌块成型机,机型激振力(KN)振动频率(HZ)主机配用功率(KW)成型方式控制方式成型周期(S)外形尺寸(mm)主机部分净重(T)竹胶板规格每年产量300天双班 砌块 (m3)路面砖 ( O)……
华源机械QT4-15自动混凝土液压砌块成型机,集机、电、液于一体，并机自动循环运行工作，每个动作程序互锁，压力自动分配。2、布料系统采用独特的强制式破拱装置，适应不同产品的模具模腔布料，布料均匀无死角……
双力集装箱专用堆高机,集装箱叉车集装箱叉车叉 车 参 数 表 系列型号主要性能参数集装箱专用叉车CPCD60KX3CPCD70KX3CPCD100KX3CXCD100DC16EC4DC16EC5额定起重……
天沃重工JQ6.0加气混凝土砌块,加气混凝土砌块是一种轻质、多孔的新型建筑材料，具有质量轻、保温好、可加工和不燃烧等优点，已成为我国大力推广和发展的一种新型建筑材料……
厦工楚胜东风小多利卡5吨加油车,加油车产品主要技术参数产品名称：加油车外形尺寸(mm)：5990×2050×2500底盘型号：EQ1070T35DJ3AC货厢尺寸(mm)：××总 质 量(kg)：7495接近/离……
威克诺森GPS 6600A便携式发电机,坚固耐用、功能强大的发电机，适用于要求最苛刻的施工现场设计用于建筑租赁和其它要求苛刻的应用，这些坚固耐用、结构紧凑的高性能便携式发电机提供无与伦比的工具启动和电压调节功能……
湖北合力解放小三轴运油车-CA5250GJYPK2E3L4T3A95,解放小三轴运油车产品主要技术资料产品名称：解放小三轴运油车外型尺寸(mm)：9650×2490×3250底盘型号：CA5250GJYPK2E3L4T3A95货厢尺寸(mm)：××总……
厦金XJ968-25卷钢堆高机,卷钢叉装机竞争优势：自重： 产品自重30吨，比其它品牌重约3―5.5吨。发动机：节能专利型潍柴175KW/h动力（达235马力）……
郑州煤机EBZ160掘进机,掘进机为用于开凿地下隧道及碎石的移动装置，并可去除岩石碎片及其他碎片。集团于2010年开始设计及测试掘进机样机……
柳工CPC15内燃平衡重式叉车,可靠： 传动系统采用带同步器的机械变速箱：同步器能使啮合的齿轮同步转动，在换档时避免齿轮撞击，尤其在前后换向时，可使换向平稳，爬坡性能更佳……
利勃海尔LR 13000履带起重机,利勃海尔LR13000履带式起重机是世界上最强大的起重机。该机型尤其适用于最新一代的核电站吊装。对单个重量级的预制模块化吊装尤其重要，并且重量越来越大……
利勃海尔LR 13000履带起重机,利勃海尔LR13000履带式起重机是世界上最强大的起重机。该机型尤其适用于最新一代的核电站吊装。对单个重量级的预制模块化吊装尤其重要，并且重量越来越大……
利勃海尔LR 13000履带起重机,利勃海尔LR13000履带式起重机是世界上最强大的起重机。该机型尤其适用于最新一代的核电站吊装。对单个重量级的预制模块化吊装尤其重要，并且重量越来越大……
利勃海尔LTR1220履带起重机,利勃海尔LTR1220伸缩臂履带起重机在起重能力及臂长方面极具竞争力。履带式底盘提供了非凡的越野灵活性和绝佳的操控及驾驶性能。即使在满负荷状态下，起重机也能正常行驶……
达刚GLR10B沥青乳化设备,沥青乳化设备不仅能够生产普通乳化沥青，同时也能够生产改性乳化沥青。本系列产品可实现沥青乳化过程连续生产，全过程实现自动控制，也可进行半自动或手动控制……
豪士科PUC 泵车,亮点消防泵车匹尔斯独有的Control Zone?泵面板布局采用不锈钢管路和符合人体工学的控制装置，根据不同功能和颜色编码进行分组，确保布局合理。10年结构保修……
利勃海尔LR 1600/2履带起重机,履带式起重机超强的起重能力、可变的臂架组合和超起系统以及优越的结构尺寸所带来的经济的运输方式，这些都使人 折服……
利勃海尔LR 1600/2履带起重机,履带式起重机超强的起重能力、可变的臂架组合和超起系统以及优越的结构尺寸所带来的经济的运输方式，这些都使人 折服……
马尼托瓦克16000型履带式起重机,马尼托瓦克的新款 16000 型起重机具有久负盛名的马尼托瓦克优异质量，同时还融合了创新技术，例如采用 CAN-Bus(控制器区域网络总线)技术的 EPIC 控制系统以及采用清晰易……
马尼托瓦克16000型履带式起重机,马尼托瓦克的新款 16000 型起重机具有久负盛名的马尼托瓦克优异质量，同时还融合了创新技术，例如采用 CAN-Bus(控制器区域网络总线)技术的 EPIC 控制系统以及采用清晰易……
马尼托瓦克16000型履带式起重机,马尼托瓦克的新款 16000 型起重机具有久负盛名的马尼托瓦克优异质量，同时还融合了创新技术，例如采用 CAN-Bus(控制器区域网络总线)技术的 EPIC 控制系统以及采用清晰易……
盛华源门式起重机,门式起重机是桥式起重机的一种变形……
宜工密封自卸式垃圾车密封自卸式垃圾车,密封自卸式垃圾车分为：JTZ5160ZLJ、JTZ5168ZLJ、JTZ5121ZLJ、JTZ5102ZLJ型・本产品具有一次装载运输量大和密闭运输的特点，降低燃油消耗，防止垃圾飘……
山东汇强垃圾收集车,名称单位技术参数外形尺寸（长×宽×高）L5090×2150×2510底盘型号HFC1070K5T轴距L2800燃油种类柴油发动机型号HFC4DA1-1B车总质量（满载）Kg6995……
三一重工SCC16000履带起重机,模块化设计以运输单元为模块设计，保证机电液有机结合，模块间实现快速连接；高强板的应用主体结构焊接采用960MPa高强钢板，减轻单件结构的运输重量；拉板采用1100MPa高强钢板，减……
三一重工SCC16000履带起重机,模块化设计以运输单元为模块设计，保证机电液有机结合，模块间实现快速连接；高强板的应用主体结构焊接采用960MPa高强钢板，减轻单件结构的运输重量；拉板采用1100MPa高强钢板，减……
徐工SQ4SK2Q型直臂式起重机,目前我公司直臂随车起重机的动力完全来自于液压油的压力能，即通过高压液压油推动油缸活塞往复运动，或是带动液压马达旋转使得液压绞车与回转机构回转……
普什重机PQUY2600-2履带起重机,爬坡能力（％）30％尾部回转半径（m）6.9履带接地长度×轨距（mm）8400×6400履带板宽×履带高（mm）1200×1450接地比压（MPa）0.119离地间隙（mm）400……
普什重机PQUY2600-2履带起重机,爬坡能力（％）30％尾部回转半径（m）6.9履带接地长度×轨距（mm）8400×6400履带板宽×履带高（mm）1200×1450接地比压（MPa）0.119离地间隙（mm）400……
中国现代QTZ500P(XDP8030)平头塔式起重机,平头式塔机――明显降低安装高度，减小安装场地占用，并便于臂节快速拆装，降低运输和仓储成本；*吸收国外技术――比同类塔机降低15%自重，安拆时大为降低对汽车起重机的要求；*起重能力强……
中国现代QTZ500P(XDP8030)平头塔式起重机,平头式塔机――明显降低安装高度，减小安装场地占用，并便于臂节快速拆装，降低运输和仓储成本；*吸收国外技术――比同类塔机降低15%自重，安拆时大为降低对汽车起重机的要求；*起重能力强……
利勃海尔LR 1130履带起重机,凭借其良好的可动性与卓越的性能特性，利勃海尔履带式起重机的可能应用范围从普通起重及装配任务一直到小型蚌式挖斗与拉铲式挖掘机应用……
利勃海尔LR 1160履带起重机,凭借其良好的可动性与卓越的性能特性，利勃海尔履带式起重机的可能应用范围从普通起重及装配任务一直到小型蚌式挖斗与拉铲式挖掘机应用……
利勃海尔LR 1280履带起重机,凭借其良好的可动性与卓越的性能特性，利勃海尔履带式起重机的可能应用范围从普通起重及装配任务一直到小型蚌式挖斗与拉铲式挖掘机应用……
利勃海尔LR 1300履带起重机,凭借其良好的可动性与卓越的性能特性，利勃海尔履带式起重机的可能应用范围从普通起重及装配任务一直到小型蚌式挖斗与拉铲式挖掘机应用……
利勃海尔LR 1130履带起重机,凭借其良好的可动性与卓越的性能特性，利勃海尔履带式起重机的可能应用范围从普通起重及装配任务一直到小型蚌式挖斗与拉铲式挖掘机应用……
利勃海尔LR 1160履带起重机,凭借其良好的可动性与卓越的性能特性，利勃海尔履带式起重机的可能应用范围从普通起重及装配任务一直到小型蚌式挖斗与拉铲式挖掘机应用……
利勃海尔LR 1280履带起重机,凭借其良好的可动性与卓越的性能特性，利勃海尔履带式起重机的可能应用范围从普通起重及装配任务一直到小型蚌式挖斗与拉铲式挖掘机应用……
利勃海尔LR 1300履带起重机,凭借其良好的可动性与卓越的性能特性，利勃海尔履带式起重机的可能应用范围从普通起重及装配任务一直到小型蚌式挖斗与拉铲式挖掘机应用……
利勃海尔LR 1280履带起重机,凭借其良好的可动性与卓越的性能特性，利勃海尔履带式起重机的可能应用范围从普通起重及装配任务一直到小型蚌式挖斗与拉铲式挖掘机应用……
利勃海尔LR 1300履带起重机,凭借其良好的可动性与卓越的性能特性，利勃海尔履带式起重机的可能应用范围从普通起重及装配任务一直到小型蚌式挖斗与拉铲式挖掘机应用……
利勃海尔LR 1130履带起重机,凭借其良好的可动性与卓越的性能特性，利勃海尔履带式起重机的可能应用范围从普通起重及装配任务一直到小型蚌式挖斗与拉铲式挖掘机应用……
利勃海尔LR 1160履带起重机,凭借其良好的可动性与卓越的性能特性，利勃海尔履带式起重机的可能应用范围从普通起重及装配任务一直到小型蚌式挖斗与拉铲式挖掘机应用……
山河智能MG300/700-WD(K)采煤机,启动扭矩大，过载能力强，效率高，能频繁启动和换向。 2、机身各部件之间采用高强度液压螺栓连接。 2、截割部电机装有离合器装置和弹性扭矩轴，提高了安全性……
山河智能MG200/500-WD(K)采煤机,启动扭矩大，过载能力强，效率高，能频繁启动和换向。 2、机身各部件之间采用高强度液压螺栓连接。 3、截割部电机装有离合器装置和弹性扭矩轴，提高了安全性……
泰安古河URV633K型随车起重机,起重机名称随车起重机全伸臂最大起升高度10000 mm起重机型号URV630-CNB最大起升力矩6350×2.0 Kg×m最大起升重量6350 Kg最大起升角度78 度起重臂节数3……
三一重工SCC1350E履带起重机,强大的起重能力主臂最大起重量140t，最大起重力矩95.4t×7m=668t?m，最长主臂80m；固定副臂最大起重量30t，固定副臂最长组合为65m+31m……
柳工QUY160履带起重机,全面的安全装置 ・本起重机采用了机械、电子和液压等多种方式的安全和报警装置，保障了机器的安全使用……
柳工QUY160履带起重机,全面的安全装置 ・本起重机采用了机械、电子和液压等多种方式的安全和报警装置，保障了机器的安全使用……
三一重工SE10020-S低风速高效风力发电机组,全新的整机设计理念通过增加叶片长度、优化翼型设计，风轮扫风面积由3518.9m2/MW增加到4164.0m2/MW*，大幅度提高风机效率；通过控制优化，机舱质量由40T/MW降低到……
中联重科ZCC550H履带起重机,全新液压先导控制技术，可实现最高速度任意动作复合，工作效率快。2、高工作级别自由落钩起升卷扬，适用于打桩等基础施工。3、成熟、可靠的配套件组合配置，高可靠性、高性价比……
中联重科ZCC550H履带起重机,全新液压先导控制技术，可实现最高速度任意动作复合，工作效率快。2、高工作级别自由落钩起升卷扬，适用于打桩等基础施工。3、成熟、可靠的配套件组合配置，高可靠性、高性价比……
中联重科ZCC750H履带起重机,全新液压先导控制技术，实现最高速度任意动作复合2、全方位视频监控、声光报警多重安全保护3、同行产品中，机构速度最快，效率最高4、副臂工况下主、副钩吊载可任意作业，操作一键切换5、配……
中联重科ZCC750H履带起重机,全新液压先导控制技术，实现最高速度任意动作复合2、全方位视频监控、声光报警多重安全保护3、同行产品中，机构速度最快，效率最高4、副臂工况下主、副钩吊载可任意作业，操作一键切换5、配……
厦金XJ953IIIC隧道装载机掘进机/车,厦金侧卸机 特别优势：低油耗、高品质的涡轮增压发动机，动力性能好，扭矩储备大。加大加强型驱动桥（Q桥），加强后车架，提高倾翻载荷，行走更平稳，作业不易翘尾巴……
威克诺森GV 系列便携式发电机,设有三个性能等级，提供可靠的电源GV系列经济型同步发电机保证在长时间持续工作条件下，提供可靠且持续的电力输出。 GV系列产品包括三种不同性能级别的交流电三相发电机型号……
中材建科QTY3000型液压彩砖机,实现数块制品一次成型，降低电力和人工费用;送料器自动送料，实现送料、压制自动化;整体出模，实现集中搬运码垛，提高生产效率;任意更换模具，实现一机多样化;四柱导向，加长型导向套，结构……
卡特彼勒C175-20柴油发电机组,使用 50 Hz 1500 RPM 或 60 Hz 1800 RPM 配置时为 3250 到 4000 ekW、3250 到 4000 kVA，可以为备用、主要和持续发电应用场合提……
雷沃重工TD系列M1200-D拖拉机,舒适性好○流线型换代金属机罩，时尚流线型外观设计，外形美观大方；○选装全密封封闭驾驶室，人机工程更合理；○选装带后雨刷、收音机，并可选装空调、暖风、风扇系统，豪华舒适；○全景玻璃门……
华中建机电动双梁桥式起重机,双梁桥式起重机其结构特点是具有起升及运行机构的小车位于桥架上运行，金属结构为箱形双主梁形式……
陕汽德龙F3000 8吨水罐消防车,水罐消防车主要装备消防水泵，水罐及水枪、水炮等，适合扑救一般性火灾，是公安消防队和企事业专职消防队常备的消防车辆……
湖北合力斯太尔后双桥清障车,"斯太尔后双桥清障车产品主要技术资料产品名称：斯太尔后双桥清障车外型尺寸(mm)：9500×2500×3550,3600底盘型号：ZZ1256M4646C货厢尺寸(mm)：××总 质……"
常林GKS34随车起重机,四轮驱动，四轮转向功能使其具备强大灵活的机动性能；全封闭的线索设计，避免意外发生；40%爬坡能力，可以在不平坦的路面作业；操纵盒及控制面板更加坚固，大大提高防水性能；可旋转式发动机……
威克诺森GPS 9700V便携式发电机,随时随地为您提供便携式电源高性能便携式发电机，满足您的工作和预算要求。 本款威克诺森发电机设计用于建筑、工业、商业、家庭和农场应用……
永茂QD8塔式起重机,随着塔式起重机科技发展，城市建筑密度逐渐加大，建筑物设计构造的复杂化，塔机的拆卸问题不断显现出来，为解决建筑施工后塔机的拆卸问题，我公司自行研发出QD8屋面式起重机……
永茂QD8塔式起重机,随着塔式起重机科技发展，城市建筑密度逐渐加大，建筑物设计构造的复杂化，塔机的拆卸问题不断显现出来，为解决建筑施工后塔机的拆卸问题，我公司自行研发出QD8屋面式起重机……
威克诺森GH 3500便携式发电机,特低电压专家GH 3500专用于42 伏/200 赫兹特低电压设备。 此设备使您无需主电源即可在现场极其安全地工作： 42 伏的输出电压对人体无害……
特雷克斯中国桁架臂履带起重机,特雷克斯?履带式起重机型号多样，用途广泛，包括：桁架臂履带起重机、桁架臂汽车起重机、窄履带运输机和门座式起重机。模块化设计可帮助您按照项目的具体需求改装起重机。具有多种配置……
特雷克斯中国桁架臂履带起重机,特雷克斯?履带式起重机型号多样，用途广泛，包括：桁架臂履带起重机、桁架臂汽车起重机、窄履带运输机和门座式起重机。模块化设计可帮助您按照项目的具体需求改装起重机。具有多种配置……
特雷克斯中国桁架臂履带起重机,特雷克斯?履带式起重机型号多样，用途广泛，包括：桁架臂履带起重机、桁架臂汽车起重机、窄履带运输机和门座式起重机。模块化设计可帮助您按照项目的具体需求改装起重机。具有多种配置……
特雷克斯中国桁架臂履带起重机,特雷克斯?履带式起重机型号多样，用途广泛，包括：桁架臂履带起重机、桁架臂汽车起重机、窄履带运输机和门座式起重机。模块化设计可帮助您按照项目的具体需求改装起重机。具有多种配置……
凯斯588G内燃叉车,特性通过 Tier 3 认证的凯斯发动机非常可靠 在最恶劣环境中也可获得卓越的性能。可选装载控制装置 有助于实现平稳操作，将链条张力降至最低，以节约保养成本……
路易玛RH6乳化沥青设备,通过胶体磨的高速机械剪切、搅拌和化学温度的方法，是通常高温使用的道路沥青扩散到水中而液化成常温下粘度低、流动性好的道路建筑材料……
程力重汽8*4 托吊分离清障车,拖吊连体式清障车主要由底盘、托举机构、起重机构、液压系统、控制系统组成。主要用于道路故障车辆，城市违章车辆及抢险救援等……
程力北奔6*4 托吊联体清障车,拖吊连体式清障车主要由底盘、托举机构、起重机构、液压系统、控制系统组成。主要用于道路故障车辆，城市违章车辆及抢险救援等……
鑫路JM-20胶体磨,外形：1850&times;670&times;780（mm）重量：850Kg功率：55KW/380VAC①不锈钢材质的转子和定子适应了乳化沥青是各种PH值；②内部导热油加温设计为……
山河智能SWTC50伸缩臂履带起重机,外形尺寸：长 X 宽 X 高13210 x 3300 x 3250 (mm)整机重量55.6T爬坡能力22°接地比压68kPa性能最大额定起重量50T基本臂最大起重力矩1587.6……
山河智能SWTC50伸缩臂履带起重机,外形尺寸：长 X 宽 X 高13210 x 3300 x 3250 (mm)整机重量55.6T爬坡能力22°接地比压68kPa性能最大额定起重量50T基本臂最大起重力矩1587.6……
山河智能SWTC50伸缩臂履带起重机,外形尺寸：长 X 宽 X 高13210 x 3300 x 3250 (mm)整机重量55.6T爬坡能力22°接地比压68kPa性能最大额定起重量50T基本臂最大起重力矩1587.6……
特雷克斯中国伸缩臂履带起重机,我们可提供三款伸缩臂履带起重机 TCC40、TCC 45 和 TCC60，额定起重能力分别为 42 吨、44 吨和 60 吨……
特雷克斯中国伸缩臂履带起重机,我们可提供三款伸缩臂履带起重机 TCC40、TCC 45 和 TCC60，额定起重能力分别为 42 吨、44 吨和 60 吨……
特雷克斯中国伸缩臂履带起重机,我们可提供三款伸缩臂履带起重机 TCC40、TCC 45 和 TCC60，额定起重能力分别为 42 吨、44 吨和 60 吨……
卡特彼勒XQE20发电机组,无论是否由于意外原因而断电，Olympian? Rental Power 都能够确保您持续运营……
卡特彼勒XQE30发电机组,无论是否由于意外原因而断电，Olympian? Rental Power 都能够确保您持续运营……
卡特彼勒XQE60发电机组,无论是否由于意外原因而断电，Olympian? Rental Power 都能够确保您持续运营……
卡特彼勒XQE100发电机组,无论是否由于意外原因而断电，Olympian? Rental Power 都能够确保您持续运营……
普什重机PQUY800-2履带起重机,项 目PQUY800-2主臂长度(m)13～58最大起重量(t)80主臂变幅角30°～80°固定副臂主臂长度(m)31～46副臂长度(m)6～18起重量(t)6.5主臂变幅角30°……
普什重机PQUY800-2履带起重机,项 目PQUY800-2主臂长度(m)13～58最大起重量(t)80主臂变幅角30°～80°固定副臂主臂长度(m)31～46副臂长度(m)6～18起重量(t)6.5主臂变幅角30°……
普什重机PQUY800-2履带起重机,项 目PQUY800-2主臂长度(m)13～58最大起重量(t)80主臂变幅角30°～80°固定副臂主臂长度(m)31～46副臂长度(m)6～18起重量(t)6.5主臂变幅角30°……
普什重机PQUY800-2履带起重机,项 目PQUY800-2主臂长度(m)13～58最大起重量(t)80主臂变幅角30°～80°固定副臂主臂长度(m)31～46副臂长度(m)6～18起重量(t)6.5主臂变幅角30°……
五征ME1354轮式拖拉机,项 目单位设计值型号/ME1354型式/4×4四轮驱动外廓尺寸（长×宽×高）mm4615×2050×2950轴距mm2510轮距(前轮/后轮)mm1610~1950/1490~20……
徐州久发DGY12多功能吊管机,项目 参数 型号 DGY12 整机重量 25MT 标准斗容量 0.5m 发动机额定功率 125KW 额定转速 2100rpm 液压系统压力 34.3MPa 流量 2*226L/mi……
徐州久发DGY12多功能吊管机,项目 参数 型号 DGY12 整机重量 25MT 标准斗容量 0.5m 发动机额定功率 125KW 额定转速 2100rpm 液压系统压力 34.3MPa 流量 2*226L/mi……
徐州久发DGY12多功能吊管机,项目 参数 型号 DGY12 整机重量 25MT 标准斗容量 0.5m 发动机额定功率 125KW 额定转速 2100rpm 液压系统压力 34.3MPa 流量 2*226L/mi……
徐州久发DGY24多功能吊管机,项目 参数 型号 DGY24 整机重量 38.3MT 标准斗容量 0.5m 发动机额定功率 198KW 额定转速 2000rpm 液压系统压力 34.3MPa 流量 2*226L/……
徐州久发DGY24多功能吊管机,项目 参数 型号 DGY24 整机重量 38.3MT 标准斗容量 0.5m 发动机额定功率 198KW 额定转速 2000rpm 液压系统压力 34.3MPa 流量 2*226L/……
徐州久发DGY24多功能吊管机,项目 参数 型号 DGY24 整机重量 38.3MT 标准斗容量 0.5m 发动机额定功率 198KW 额定转速 2000rpm 液压系统压力 34.3MPa 流量 2*226L/……
徐州久发DGY24多功能吊管机,项目 参数 型号 DGY24 整机重量 38.3MT 标准斗容量 0.5m 发动机额定功率 198KW 额定转速 2000rpm 液压系统压力 34.3MPa 流量 2*226L/……
徐工QUY55履带起重机,项目 单位 数值最大额定起重量基本型主臂t55固定副臂t5最大起重力矩t.m203.5主臂长度m13～52主臂变幅角度°-3～80固定副臂长度m9.15～15.25起升机构最大单绳……
徐工QUY70履带起重机,项目 单位 数值最大额定起重量基本型主臂t70固定副臂t6.5最大起重力矩t.m280主臂长度m13～58主臂变幅角度°-3～80固定副臂长度m9～18起升机构最大单绳速度（空载、……
威盛CPCD250叉车,项目单位CPCD250额定起重量kg25000自重kg34150标准货叉（长X宽X高）mm2400X310X110最小转弯半径mm5900整机外形尺寸mm8700X3000X386……
马尼托瓦克18000型履带式起重机,新款式 18000 型起重机是按照客户的要求设计的，采用先进的马尼托瓦克技术，具有 600 公吨(660 美吨)起重能力，不需要附带配重车……
马尼托瓦克18000型履带式起重机,新款式 18000 型起重机是按照客户的要求设计的，采用先进的马尼托瓦克技术，具有 600 公吨(660 美吨)起重能力，不需要附带配重车……
永恒力EJC 110n/112n步行式电动堆垛机,新一代的三相交流电机技术永恒力三相交流电机技术在为您提供更强大的工作能力的同时还降低了运营成本……
湖南飞涛SQ603 6吨直臂3节臂随车起重机,行业特点：★我公司专业生产2-12吨直臂式，10-20吨折叠式随车吊，通过液压举升及伸缩系统来实现货物的升降、回转、吊运，装配于载货汽车……
克磊镘（KLEEMANN）MC 140 Z 移动颚式破碎设备,"型号： MC140Z 喂料能力约达 700t/h 最大喂料尺寸 1,300*1,000mm 振动喂料机宽*长 1,350*4,100mm 破碎机进口宽*纵向宽度 1,400*1,1……"
黑金刚HJB68夹板侧置型破碎器,型号\参数总重量kg长度mm宽度mm要求流量l/min工作压力bar击打频率b.p.m冲击能量joule油管尺寸inch钎杆长度(直径/长度)mm适合挖机tonHJB6825013……
丰田8FGN15-30内燃平衡重式叉车,型号8FGN158FGN208FGN258FGN30发动机型号4Y4Y4Y4Y额定负载公斤1500200025003000负载中心毫米500500500500全宽A毫米107011……
山宝PFK1312可逆反击破碎机,型号PFK-1008PFK-1012PFK-1212Pfk1306PFK1312转子工作直径*长度mmφ1000*800φ1000*1200φ1200*1200φ1300*600φ……
三一重工SYT80(T5710-6)塔式起重机,型号SYT80(T5710-6)最大起重力矩990（kN・m）最大起重量6t最大臂长/起重量57m/1.0t塔身截面1.6×1.6m自由高度40.5m起升80/40/8.8回转0~……
三一重工SYT80(T5710-6)塔式起重机,型号SYT80(T5710-6)最大起重力矩990（kN・m）最大起重量6t最大臂长/起重量57m/1.0t塔身截面1.6×1.6m自由高度40.5m起升80/40/8.8回转0~……
马尼托瓦克MLC100型履带式起重机,性能参数：100t最大起重量371tm最大起重力矩73m主臂85m主臂加副臂224kw发动机功率……
马尼托瓦克MLC100型履带式起重机,性能参数：100t最大起重量371tm最大起重力矩73m主臂85m主臂加副臂224kw发动机功率……
马尼托瓦克MLC100型履带式起重机,性能参数：100t最大起重量371tm最大起重力矩73m主臂85m主臂加副臂224kw发动机功率……
标题,性能介绍
沈阳山河EBZ160掘进机,性能特点：EBZ-160型掘进机具有生产效率高，掘进速度快，适应性强，调动灵活等优点，目前已成为各主要产煤国家不可缺少的生产设备……
徐工XZJ5060ZXX车厢可卸式垃圾车,徐工集团推出的环卫专用车辆。产品更加节能和经济，整机操控简便、作业空间小，灵活高效，特别适合配合垃圾中转站用于新型住宅小区及老城区街道等人口密集地区垃圾的收运工作……
广通LRS-6型（导热油型）沥青乳化设备,序号 名 称 单位 数量 产地、备注 1 LRS-6-15KW型乳化机组 套 1 江苏太仓 2 ￠40型沥青调速泵机组 套 1 河北泊头 3 ￠40型乳液调速泵机组 套 2 上海不……
中联重科ZLJ5440TQZVLE4X清障车,选用二类汽车底盘改装，采用成熟旋转吊臂型清障车上装.备吊、托、拖等多项功能，操作快捷方便，安全可靠。能及时、快速清理（拯救）事故、故障、违章等车辆，是保证道路畅通的有效工具……
利勃海尔26 H快速架设起重机,液压机构使H系列起重机的装卸非常简单。塔架与副臂上的液压缸使得H系列起重机能够迅速移至工作位置。折叠塔架采用绝对密封焊接的实心壁结构……
利勃海尔26 H快速架设起重机,液压机构使H系列起重机的装卸非常简单。塔架与副臂上的液压缸使得H系列起重机能够迅速移至工作位置。折叠塔架采用绝对密封焊接的实心壁结构……
凯尔KAT1804拖拉机,"一、 方便增加附加装置整体车架，独立可扩展的PTO,可方便地增加装载、挖掘、推土、打井、提升等附加装置。扩展拖拉机的功能，提高拖拉机的利用率……"
恒润高科HHR5253JQJ08桥梁检测车,一、产品介绍：恒合牌桥梁检测作业车是在吸取国际先进桥梁检测作业车精华的基础上设计开发的高科技产品，结构紧凑，操作方便灵活，作业范围广，安全可靠……
恒润高科HHR5251JQJ16桥梁检测车,一、产品介绍：恒合牌桥梁检测作业车是在吸取国际先进桥梁检测作业车精华的基础上设计开发的高科技产品，结构紧凑，操作方便灵活，作业范围广，安全可靠……
湖南飞涛18米桥梁检测车,一、主要特点机械及动力传动系统：★ 解放J6型桥梁检测车专业底盘+进口本田备用汽油机动力★ 履带驱动行走支撑方式★ 关键结构件采用进口高强钢材，配合进口高强焊丝焊接★ 通用结构件采……
天骏机械JQRY06B沥青乳化车间,一.设备用途JQRY06B沥青乳化车间是我公司研制的新一代沥青乳化设备，该设备生产的乳化沥青的沥青含量范围广，质量稳定，能够满足各种施工工艺的要求，已广泛应用在高速公路建设和公路养……
威克诺森G 14移动发电机,一款紧凑型移动发电机，完美适合于较小型施工威克诺森已采用一种新的紧凑型移动发电机，缩小了便携式发电机与移动发电机的差距……
黑豹汽车钩臂式垃圾运输车,应用广泛：车厢可卸式垃圾车，又称钩臂式垃圾车、拉臂式垃圾车，该车广泛适用于城市、乡镇、街道、农村、学校等生活垃圾的收集、转运和处理……
三一重工SYTQ130两栖起重机两栖施工装备,用途：软土区域吊装作业特点：最大起重能力130t;在无水和水深2.5m以下滩涂路面行驶和工作，最大行驶速度为2.5km/h；采用桶形基础保证吊装作业时的安全性；装备GPS路线管理系……
三一重工SYTQ100-H两栖起重机两栖施工装备,用途：软土区域重件吊装作业特点：额定起重性能：100t/100m；在无水和水深2.5m以下滩涂路面行驶和工作，最大行驶速度为2.0km/h；采用桶形基础保证吊装作业时的安全性；立柱……
三一重工SYTQ100两栖起重机两栖施工装备,用途：软土区域重件吊装作业特点：额定起重性能：100t/100m；在无水和水深2.5m以下滩涂路面行驶和工作，最大行驶速度为2.0km/h；采用桶形基础保证吊装作业时的安全性；装备……
三一重工SYTZ800两栖打桩机两栖施工装备,用途：桩基础施工特点：多用途模块式设计，可用于多种桩型施工……
青岛解放J5M4x2压缩垃圾车,用于收集、装载和运输生活垃圾，并可将装入的垃圾压缩、压碎，使其密度增大，体积缩小，大大地提高了垃圾收集和运输的效率。2、质量可靠，功能先进、故障率低，维护方便，运行费用低……
华重C系列颚式破碎机,由于该颚破给矿口设计的独特，破碎腔为V形腔结构，所以进料粒度更大，排矿口也采用液压调整，具体有以下特点：①腔型采用V型破碎腔，比普通腔型处理量大1.15倍左右，节省能耗10%以上……
东空轻型载体用破碎锤,与轻型载体匹配完美，性能优越，工作超群，机型齐全，能满足0.7吨(TNB-08M)到6吨(TNB-5M)载体的广泛需求……
吉星JSB185D破碎锤,原装进口? 同级别最强的打击力? 同级别最大螺栓直径，保护缸体不易断裂? 最低频率最高效益（岩石硬度过高时）? 壳体前方保护板保护主机总成并延长使用期限? 准确的打击频率，降低破碎……
东正东风福瑞卡加油车,圆形罐体，容积3-6立方米，可装2-5吨柴油，采用4mm专用板，配电脑税控加油机，15米加油卷盘(带加油枪)，工作仓设罐体前部，配加油泵系统，能泵进泵出，装流量表，配输油管两根，灭……
山美SM100DSJ系列烘干锤式破碎机,在石膏板行业，DSJ系列烘干锤式破碎机可将含水量≤12%的脱硫石膏渣料饼通过烘干锤式破碎机的转子将其打散、抛扬，并与引入的550℃热风充分热交换，形成含水量≤1%的物料，物料由出风……
利勃海尔LR 1600/2-W履带起重机,窄型履带式起重机LR 1600/2-W的设计理想地用于风力发电基地。能够在每个独立的风机设备安装场地之间完全带载行驶。用于支持完成提升作业……
利勃海尔LR 1600/2-W履带起重机,窄型履带式起重机LR 1600/2-W的设计理想地用于风力发电基地。能够在每个独立的风机设备安装场地之间完全带载行驶。用于支持完成提升作业……
久保田M系列M740R拖拉机,崭新的发动机 合理的整体布局 人性化的设计 简便的操作系统 独立的动力输出轴……
东风斯太尔水罐消防车消防车,整车备注：罐体有效容积：水罐15.0立方米多方位图：需要更多资料及产品图片请直接与我公司联系……
山河智能EBZ260掘进机,整机配置高、技术先进、可靠性好、重心低、机器稳定性好；截割部不伸缩，采用国际上最先进的轴承与截齿等，破岩能力强；截割电机刚性增强、结构简单化、维修方便、使用寿命长……
徐工EBZ135掘进机,整机体积小，动作灵活，矮机身设计，适用于大倾角、矮巷道掘进；配有内、外喷雾系统，有效抑制粉尘；采用弧形线星轮装载，减少回煤，装载效率高；集中润滑系统，降低维护工作量，设备可靠性高；……
协兴XQY10-50制砖机,制砖机产品技术特点： 在吸收国际品牌砖机优点的基础上设计，结构新颖合理，操作、维护、更换模具方便，设备坚固耐用，性能稳定可靠，自动化程度高，平均单耗低，综合性价比优……
楚飞重汽后双桥（12.3立方）水罐消防车,重汽后双桥水罐 消防车-主要技术参数产品名称：重汽后双桥消防车-JDF5280GXFSG120Z公告批次：229底盘型号：ZZ1257M4647C排放标准：-总质量：27600(K……
山河智能SWHT28高空作业平台,主要参数整机重量17.2 t爬坡能力45%车架离地间隙340mm平台载荷受限幅度340kg非受限幅度240kg最大作业高度27.7m工作平台底面最大高度26.0m最大作业幅度22.……
山河智能SWHB135液压破碎锤,主要参数总重量：三角型/塔型1462/1515 (kg)全长：三角型/塔型2289/2691 (mm)宽度：三角型/塔型508/580 (mm)工作压力160～180 (bar)工……
江麓SC200/200施工升降机,主要电器元件采用LS品牌，宽电压控制，运行更平稳。采用三合一操作台，集楼层呼叫器、超载报警器和操作台于一体，结构紧凑。采用国内知名品牌电机和减速器，运行平稳，使用寿命长……
鼎力GTBZ18AE自行走曲臂式高空作业平台（电池款）,主要规格● 工作高度：18.24m和16.00m● 平台跨越高度：8.37m和7.15m● 工作载荷：230kg重要特色● 电池驱动，噪音小，无污染● 交流驱动● 转台360度连续……
山猛CPC30抓管机,主要结构特点：强劲的动力传动 由先进的制造技术和设备生产的优质部件与高品质的发动机完美组合而成的动力、传动装置……
斗山D50S-5内燃平衡重式叉车,主要特点- 优化的操纵舒适度和安全性- 成熟且坚固耐用的组件- 动力强劲、节能和高性能的柴油 和 LPG 发动机，兼具下述特点：低排放，最低限度的振动-更好的维护能力和可维修性-几……
北方交通EBZ200E煤炭掘进机,主要特点： 截割头单刀力大，截齿布置合理，破岩过断层能力强，最大截割硬度f8，经济截割硬度f6……
圣岳SDZ5164ZYS压缩式垃圾车,主要性能特点：1.上装引进韩国技术，全进口零部件组装，厢体采用光滑的曲面壳体结构，造型美观，增加了厢体的强度，减少厢体整备质量……
东方红（一拖）C702-A/C802/C902履带拖拉机,主要用途和性能特点：主要适用于农田作业兼顾推土作业。1)( 4F+2R )滑动齿轮换档变速箱，挡位合理适合农田作业兼顾推土作业。2)后桥采用新型密封结构，减少转向进油……
湖北合力斯太尔单桥泡沫消防车,专用部分由液罐、泵室、器材箱、动力输出及传动系统、管路系统、电气系统等组成……
海麟重工斯太尔单桥水罐消防车,专用部分由液罐、泵室、器材箱、动力输出及传动系统、管路系统、电气系统等组成……
程力斯太尔单桥水罐消防车,专用部分由液罐、泵室、器材箱、动力输出及传动系统、管路系统、电气系统等组成……
虎鼎机械QT6-15砌块成型机,砖机技术特点：进口高效能液压比例系统纯正部件（更高效、节能） 2、进口智能PLC触摸屏及纯正电气原件（自动化程度高、操作更简便）3、破拱式快速布料装置（对多孔砖布料特别有利、更均匀……
三一重工多维数控抱举安装平台桶基础,装备应用领域主要适用于水深为5~50米近海区域风机的安装施工……
湖北合力自卸式垃圾车-BJ5163ELFFA,自卸式垃圾车产品主要技术资料产品名称：自卸式垃圾车外型尺寸(mm)：7100×2470×3000底盘型号：BJ5163ELFFA货厢尺寸(mm)：4500×2210×800总 质 ……
威克诺森G 22 - G 78移动发电机,最大的移动发电量G-系列大容量移动发电机在要求最苛刻的工况中仍可提供可靠的电源……
徐工QUY85履带起重机,最大起重量(t)85最大起重力矩（t.m)350主臂长度（m）58最长主臂+副臂（m）49+18 副臂最大起重量（t）7.2爬坡度（%）30……
徐工QUY85履带起重机,最大起重量(t)85最大起重力矩（t.m)350主臂长度（m）58最长主臂+副臂（m）49+18 副臂最大起重量（t）7.2爬坡度（%）30……
利勃海尔HS 8030 HD Litronic履带起重机,最大起重能力29.4 吨 / 2 米发动机输出功率180 kW/245 HP(ISO 9249)最大卷扬机钢丝绳1层拉力100 kN最大主动臂22 m配备蚌式挖斗时的最大动臂长度2……
徐工QTZ100(6013Y-6)塔顶式塔机,最佳的性价比；优越的起重性能；合理的结构设计；严格的制造控制；高安全、高可靠性；人性化设计；便捷的操作性和运输性……
徐工QTZ100(6013Y-6)塔顶式塔机,最佳的性价比；优越的起重性能；合理的结构设计；严格的制造控制；高安全、高可靠性；人性化设计；便捷的操作性和运输性……
三一重工SPK6500折臂随车起重机,最新、最快，领先6吨米级随车起重机新型SPK6500 Performance 是轻型车辆上的理想吊机，例如在市政工程中的应用……
北方交通18米自行式高空作业平台,作业高度10-18m，承载重量可达227kg，采用电驱动方式，环保无污染，为室内环境作业提供最佳的选择采用国际先进的CANBUS总线技术，全智能电脑比例控制，具有地面和工作斗两种控……
抚挖WD400A 挖掘机系列产品,#NAME?
抚挖WD400A 挖掘机系列产品,#NAME?
抚挖QUY650 液压履带式起重机,#NAME?
抚挖QUY500 液压履带式起重机,#NAME?
抚挖QUY320 液压履带式起重机,#NAME?
抚挖QUY70 液压履带式起重机履带起重机,#NAME?
林德H160柴油叉车,#NAME?
抚挖WD400A 挖掘机系列产品,#NAME?
抚挖QUY150C 液压履带式起重机履带起重机,#NAME?
抚挖QUY150C 液压履带式起重机履带起重机,#NAME?
抚挖QUY500 液压履带式起重机,#NAME?
抚挖QUY120 液压履带式起重机履带起重机,#NAME?
抚挖WD400A 挖掘机系列产品,#NAME?
抚挖QUY320 液压履带式起重机,#NAME?
抚挖QUY650 液压履带式起重机,#NAME?
抚挖QUY70 液压履带式起重机履带起重机,#NAME?
卡特彼勒313D2 GC挖掘机,
厦工XG955Ⅲ装载机,
三一重工SAP200C-5高等级沥青摊铺机,
三一重工SLB5000-5第五代环保型沥青搅拌站,
中联重科ZLJ5339THB 49X-6RZ混凝土泵车,
中联重科QY20VF531汽车起重机,
徐工XR460D旋挖钻机,
三一重工SSR220-3单钢轮压路机,
徐工QAY180全路面汽车起重机,
粤工QLY8、QLY10型轮胎汽车起重机款式（四）,
北方交通26米自行式高空作业车,
三一重工SLB5000-5第五代环保型沥青搅拌站,
中联重科HLSE系列混凝土搅拌楼,
卡特彼勒313D2 GC挖掘机,
徐工XR460D旋挖钻机,
江淮汽车帅铃H系载货车,
华通动力SPS90R多功能沥青摊铺机,
陕建机SUM820履带式多功能沥青摊铺机,
徐工RP953摊铺机,
阿特拉斯・科普柯Dynapac F1000T沥青摊铺机,
中联重科SUPER165沥青摊铺机,
天顺长城SP120-2多功能沥青摊铺机,
福格勒SUPER 1900-3 L 履带式沥青摊铺机,
新筑MT12000A履带式机械加宽摊铺机,
卡特彼勒AP500E沥青摊铺机,
沃尔沃ABG6820履带式摊铺机,
万邦股份SP1050摊铺机,
中交西筑LTU900型履带式摊铺机,
住友HA60W-7铺路摊铺机,
柳工CLG509A(机械加长)沥青摊铺机,
山工SEM650B轮式装载机,
山工SEM658C轮式装载机,
柳工ZL50CN轮式装载机,
徐工LW400K装载机,
山东临工L916装载机,
雷沃重工FL955F-ETX+轮式装载机,
英轩重工YX620装载机,
晋工JGM755K装载机,
常林ZLM15B装载机,
山推SL20W装载机,
三一重工SYL956H装载机,
卡特彼勒950GC装载机,
沃得W136Ⅲ轮式装载机,
约翰迪尔WL56轮式装载机,
三一重工SSR260-5H单钢轮压路机,
徐工XS223全液压单钢轮压路机,
悍马318 单钢轮压路机,
科泰重工KS225S-2全液压单钢轮振动压路机（单驱）,
山推SR20MP机械振动单钢轮压路机,
山工SEM8218单钢轮压路机,
宝马格BW 71 E-2单钢轮压路机,
卡特彼勒CS76 XT单钢轮振动土壤压路机,
阿特拉斯・科普柯Dynapac CA1300D单钢轮压路机,
骏马YZ6C单钢轮振动压路机,
中联重科YZ18-III全液压单驱单钢轮压路机,
龙工LG516A机械驱动单钢轮压路机,
国机洛建LSS1001单钢轮压路机,
山东临工RS7220单钢轮压路机,
三一重工SR150C旋挖钻机,
中车TR500C旋挖钻机,
上海金泰SH30H多功能钻机,
德国宝峨BG 11H专用型旋挖钻机,
土力机械SR-65入岩旋挖钻机,
山河智能SWDM42旋挖钻机,
雷沃重工FR612D旋挖钻机,
富岛机械CD856A全液压旋挖钻机,
中联重科ZR160A-1旋挖钻机,
宇通重工YTR360C旋挖钻机,
北方交通KFMR220旋挖钻机,
山推弘方HR400旋挖钻机,
圆友重工YR530旋挖钻机,
内蒙古北方重工NR220旋挖钻机,
三一重工SY75C-9挖掘机,
山东临工E6135F挖掘机,
约翰迪尔E210 LC挖掘机,
柳工CLG906D挖掘机,
雷沃重工FR260挖掘机,
徐工XE200C液压挖掘机,
厦工XG806履带式挖掘机,
斗山DX75-9C挖掘机,
沃尔沃EC60C小型挖掘机,
现代R225L VS挖掘机,
山河智能SWE210中型挖掘机,
晋工JGM906挖掘机,
凯斯CX58C小型挖掘机,
日立ZX200-5G挖掘机,
三一重工STC200汽车起重机,
徐工QY8B.5汽车起重机,
柳工TC80A3(国IV) 汽车起重机,
雷萨重机FTC80K5-II汽车起重机,
抚挖锦重QY8FY全液压汽车起重机,
京城重工QY100E液压汽车起重机,
利勃海尔LTF1035-3.1伸缩臂起重机,
北起多田野GT-550E(自制底盘)汽车起重机,
特雷克斯中国汽车起重机,
长江QYE12/1起重机,
东岳GT10A汽车起重机,
骏通JPC120汽车起重机,
嘉和QY8汽车起重机,
徐州久发QY8汽车起重机,
华通动力ABH5000沥青混合料搅拌设备,
中交西筑J5000型沥青混合料搅拌设备,
玛连尼MAC120沥青搅拌设备,
辽筑LJD4000型强制间歇式沥青混合料搅拌设备,
德基机械DG5000沥青搅拌设备,
陆德PMT360沥青搅拌设备,
安迈BlackMove II 320全移动沥青混凝土搅拌站,
南方路机PLB3000旁通式沥青混合料搅拌设备,
铁拓机械GLB4000沥青搅拌站（配套2000型再生）,
日工NBD400ABZ沥青搅拌设备,
田中铁工TAP-2000LB沥青搅拌设备,
鑫海HLB-4000型沥青搅拌设备,
东南机械LBX系列沥青混合料搅拌设备,
江苏意玛CSM180型沥青混凝土拌合站,
中联重科QAY180V633全路面起重机,
三一重工SAC1800全地面起重机,
格鲁夫GMK7450全地面起重机,
利勃海尔LTM 1030-2.1全路面起重机,
特雷克斯中国AC 100全路面起重机,
京城重工QAY160E全地面起重机,
徐工QAY220（四驱）全地面起重机,
中联重科QAY220V633全路面起重机,
三一重工SAC2200全地面起重机,
格鲁夫GMK5130-2全地面起重机,
利勃海尔LTM 1040-2.1全地面起重机,
特雷克斯中国AC 100/4(L)全路面起重机,
京城重工QAY55E全路面起重机,
徐工QAY500全地面汽车起重机,
抚挖FRC25全液压汽车起重机,
东迈重工EC-9/EC-18/EC-30/EC-36型电动式工业起重机,
徐州久发QRY30越野轮胎起重机,
山河智能SWRT550越野轮胎起重机,
天亿重工RT30越野轮胎起重机,
加藤MR-130型越野轮胎起重机,
特雷克斯中国越野轮胎起重机,
徐工RT60汽车起重机,
抚挖锦重FRC25越野轮胎起重机,
中联重科RT35轮胎越野起重机,
三一重工SRC350越野轮胎起重机,
格鲁夫RT9150E越野起重机,
北起多田野TR-250E型越野轮胎起重机,
利勃海尔LTC 1045-3.1紧凑型起重机,
三一重工SY5320THB 470C-8S混凝土输送泵车,
雷萨重机68米泵车,
山推HJC5160THB-26米臂架式泵车,
鸿得利HDL5160THB型混凝土泵车,
上海华建HJSP 5RZ53臂架式输送泵车,
厦工XXG5410THB泵车,
山推建友SDX5251THB型泵车,
徐工HB37A混凝土泵车,
星马AH5264THB混凝土泵车,
全进JJ-M5717泵车,
通亚汽车CTY5280THB-38ZX170臂架泵,
普茨迈斯特M70-5泵车,
施维英KVM37XG泵车,
宜工22米臂架泵22米臂架泵,
华通动力ABH5000沥青混合料搅拌设备,
中交西筑J5000型沥青混合料搅拌设备,
玛连尼MAC120沥青搅拌设备,
辽筑LJD4000型强制间歇式沥青混合料搅拌设备,
德基机械DG5000沥青搅拌设备,
陆德PMT360沥青搅拌设备,
安迈BlackMove II 320全移动沥青混凝土搅拌站,
南方路机PLB3000旁通式沥青混合料搅拌设备,
铁拓机械GLB4000沥青搅拌站（配套2000型再生）,
日工NBD400ABZ沥青搅拌设备,
田中铁工TAP-2000LB沥青搅拌设备,
鑫海HLB-4000型沥青搅拌设备,
东南机械LBX系列沥青混合料搅拌设备,
江苏意玛CSM180型沥青混凝土拌合站,
北方交通18米绝缘折臂式高空作业车,
北方交通28米直臂式庆铃高空作业车,
徐工XZJ5064JGK14米高空作业车,
全进T-380N高空作业车,
恒润高科HHR5071JGK18高空作业车,
东风福田单排高空作业车 (国三)高空作业车,
诺力JCPT0845/JCPT0950高空作业平台,
海伦哲XHZ5030JGKA江铃9.5米折叠臂高空作业车,
愚公YG-GK12高空作业车,
东正东风金霸双排高空作业车,
楚飞福田高空作业车,
程力东风多利卡排半高空作业车,
湖北合力东风小霸王高空作业车,
航天晨光CGJ5068JGK混合臂式高空作业车,
三一重工SZS3000C湿拌砂浆站,
东南机械YHZS系列混凝土搅拌设备快装（提斗式）混凝土搅拌站,
信达机械模块式混凝土搅拌站,
南方路机HZS全环保型商品混凝土搅拌站,
山推建友工程混凝土搅拌站―提升斗上料方式,
雷萨重机HZS120混凝土搅拌站,
中建机械环保节能混凝土搅拌站 270m3混凝土搅拌站,
上海华建HLS120型混凝土搅拌楼,
方圆HZS180(地仓式）皮带式混凝土搅拌站,
圆友重工HZS90混凝土搅拌站,
新筑HZSS120商品水泥混凝土搅拌站,
湖南润通HZS90T高铁站,
陆德HZS150水泥混凝土搅拌站,
世联HLS系列混凝土搅拌站,
三一重工SY75C-9挖掘机,
山东临工E6135F挖掘机,
约翰迪尔E210 LC挖掘机,
柳工CLG906D挖掘机,
雷沃重工FR260挖掘机,
徐工XE200C液压挖掘机,
厦工XG806履带式挖掘机,
斗山DX75-9C挖掘机,
沃尔沃EC60C小型挖掘机,
现代R225L VS挖掘机,
山河智能SWE210中型挖掘机,
三一重工SR150C旋挖钻机,
中车TR500C旋挖钻机,
上海金泰SH30H多功能钻机,
德国宝峨BG 11H专用型旋挖钻机,
土力机械SR-65入岩旋挖钻机,
山河智能SWDM42旋挖钻机,
晋工JGM906挖掘机,
凯斯CX58C小型挖掘机,
日立ZX200-5G挖掘机,
雷沃重工FR612D旋挖钻机,
富岛机械CD856A全液压旋挖钻机,
中联重科ZR160A-1旋挖钻机,
宇通重工YTR360C旋挖钻机,
北方交通KFMR220旋挖钻机,
山推弘方HR400旋挖钻机,
圆友重工YR530旋挖钻机,
内蒙古北方重工NR220旋挖钻机,
开瑞绿卡绿卡T宽体,
大运CGC1311载货车,
青岛解放新悍威 8×2载货车,
三环十通御龙6x4天然气牵引车,
广汽日野FY2PYUA-MPZ货箱车,
北京牌旗铃厢式车,
黑豹汽车1025系列普通载货汽车,
沃尔沃FMX重卡 400马力 6X4 专用车(底盘),
陕汽德龙F2000载货车,
中国重汽ZZ5316XXYM386GD1载货车,
徐工NXG1160D4ZAL1载货车,
江淮汽车帅铃W系载货车,
开瑞绿卡绿卡S 宽体,
大运DYX1250平板载货车,
