标题,介绍,点击量,网址链接,PageUrl
宝骊CBD蓄电池托盘搬运车,概要型号CBD20额定载荷kg2000载荷中心距mm600车轮和轮胎轮胎型式聚氨脂轮胎尺寸起升高度mm120货叉离地高度（最低）mm85总长（含货叉）mm1780车体宽度mm724……,4461,http://zj.lmjx.net/detail_NjI07---.html,http://zj.lmjx.net/zj_class_22_113_0_1.html
龙工LG10ED托盘堆垛车（经济款）,?长臂手柄在行驶中更方便，更轻松实现转弯。设置紧急反向开关，大大提升行驶过程中的安全性。?双门架采用复合门架（叉车槽钢和H型钢组合），坚固安全……,998,http://zj.lmjx.net/detail_MTQ4NTA=.html,http://zj.lmjx.net/zj_class_22_113_0_2.html
宝象CBDS电动托盘搬运车,型号CBDS1.0CBDS1.5CBDS2.0载重量kg100015002000载货中心mm650最大/小叉高（h2/h)mm205/85单个货叉宽度（e)mm160货叉长度mm1……,1790,http://zj.lmjx.net/detail_NjE38---.html,http://zj.lmjx.net/zj_class_22_113_0_3.html
林德T20SP站驾式电动托盘搬运车,- 独特的“易驾”舵柄带有电子转向与自动对中功能，和45°驾驶方位配合，操作效率极高……,4951,http://zj.lmjx.net/detail_NjAz7---.html,http://zj.lmjx.net/zj_class_22_113_0_4.html
虎力HS型不锈钢剪式升高型液压搬运车,"&bull;是搬运车和平台车的有机结合&bull;当起升高度大于420mm时,叉腿稳定的撑住地面,防止滑动,达到刹车的效果&bull;符合欧洲EN1757-4标准……",1751,http://zj.lmjx.net/detail_NjEz2---.html,http://zj.lmjx.net/zj_class_22_113_0_5.html
力至优PLD 10/15/20/30步行式 进口电动托盘车,"适用场合：适合平整地面上的短距离的托盘水平搬运, 结构小巧紧凑，特别适于在类似货车内部这样的狭小空间内作业……",666,http://zj.lmjx.net/detail_MjU2MTQ=.html,http://zj.lmjx.net/zj_class_22_113_0_6.html
诺力SAC-N20/SAC-W20手动搬运车,SAC电子秤手动液压搬运车采用最新设计的仪表，精度达到1.0%，最小刻度1kg。具有毛重、去皮、累计功能，密封要求符合IP65标准，冲洗方便。仪表具有低电压、缺纸、低温报警功能……,1207,http://zj.lmjx.net/detail_NTM18---.html,http://zj.lmjx.net/zj_class_22_113_0_14.html
西林DB搬运车,技术参数/型号DB额定负载 kg2000货叉最低高度H1 mm190货叉最高高度H2 mm75无手柄高度H3 mm390大轮尺寸A  mm160&times;50叉轮尺寸单轮B m……,1482,http://zj.lmjx.net/detail_NTIz4---.html,http://zj.lmjx.net/zj_class_22_113_0_15.html
宏力CBYG手动液压搬运车,型号CBYG1.0-520CBYG1.0-685额定起重量(kg)1000货叉起升高度(mm)最高799最低89起升710货叉宽度(mm)内宽192357外宽520685货叉长度(……,4202,http://zj.lmjx.net/detail_PARAM_NjI07---.html,http://zj.lmjx.net/zj_class_22_113_0_1.html
达力电子秤搬运车,称 电子秤搬运车 额定负载 2000kg 货叉外宽 540/570/705mm 货叉最低高度 85mm 货叉最高高度 200mm 货叉长度 1150mm……,2847,http://zj.lmjx.net/detail_IMAGE_NjI07---.html,http://zj.lmjx.net/zj_class_22_113_0_1.html
宝象CBY手动液压搬运车,【手动液压搬运车技术参数】前双输型前单输型CBY1.5ACBY2ACBY2.5ACBY3ACBY0.5ACBY1ACBY2.5ACBY3A起重量150020002500300050……,3417,http://zj.lmjx.net/detail_VIDEO_NjI07---.html,http://zj.lmjx.net/zj_class_22_113_0_1.html
远东TF液压手推平台搬运车,项目 型号TF35BTF50SDTF70SD额定载重量(kg)350500700起升高度（mm）130015001500平台最低位高度（mm）350450450台面尺寸 (mm)9……,3108,http://zj.lmjx.net/detail_PRAISE_NjI07---.html,http://zj.lmjx.net/zj_class_22_113_0_1.html
依格曼L65手动液压搬运车,主要性能参数表SPECIFICATION FOR STANDARD PRODUCT型号ModelL65-1L65-11起重重量Capacity(kg)25002500h货叉最低高度……,2996,http://zj.lmjx.net/detail_NjM11---.html,http://zj.lmjx.net/zj_class_22_113_0_1.html
金茂CBYA液压搬运车,液压缸体为优质钢焊接而成，柱塞杆、泵芯镀硬铬，耐磨、耐腐蚀。分油阀为整体结构，便于维修。脚踏开关板具备空载快速下降功能……,4813,http://zj.lmjx.net/detail_PARAM_NjM11---.html,http://zj.lmjx.net/zj_class_22_113_0_1.html
摩纳凯AC系列搬运车,主要技术参数型 号AC20AC25AC30额定载荷(kg)200025003000货叉最低高度(mm)857585758575货叉最高高度(mm)20019020019020019……,3979,http://zj.lmjx.net/detail_IMAGE_NjM11---.html,http://zj.lmjx.net/zj_class_22_113_0_1.html
科朗PTH 50 系列手动托盘搬运车,PTH 50手动托盘搬运车系列是在科朗苏州工厂制造的； 该系列不是品牌代表性产品，但是你可以相信其质量、可靠性、产品使用周期和售后服务与所有Crown-科朗产品一样……,478,http://zj.lmjx.net/detail_VIDEO_NjM11---.html,http://zj.lmjx.net/zj_class_22_113_0_1.html
山河智能SWEP20电动搬运车,搬运车是专用于对货物托盘进行转运的起重设备，主要应用于超市、仓库、货场等狭窄通道和有限空间内的中短距离高效装卸搬运工具。产品特点1）集六项国家专利于一身……,181,http://zj.lmjx.net/detail_PRAISE_NjM11---.html,http://zj.lmjx.net/zj_class_22_113_0_1.html
力至优PLD 10S/15S/20S/30S站驾式 进口电动托盘车,"适用场合：适合平整地面上的中短距离的托盘水平搬运, 结构小巧紧凑，特别适于在类似货车内部这样的狭小空间内作业……",399,http://zj.lmjx.net/detail_MTA0NjA=.html,http://zj.lmjx.net/zj_class_22_113_0_1.html
永恒力AM 22手动液压搬运车,易于操作易于操作的手柄使习惯左手或右手操作的用户都能轻松使用。采用比例液压控制技术的下降阀可精确控制托盘下降位置。只需3次压泵操作便可通过标配的快速举升功能将欧标托盘举离地面……,226,http://zj.lmjx.net/detail_PARAM_MTA0NjA=.html,http://zj.lmjx.net/zj_class_22_113_0_1.html
中方机械ZHB-ED系列电动托盘车,主要特点：1）清洁环保：具有现代工业产品设计感和流畅感的独特外观造型；高效节能的电液控制系统，无污染；采用再生制动，减少机械磨损；液压产品低噪音化2）舒适性：仪表操纵台明快设计使叉……,1803,http://zj.lmjx.net/detail_IMAGE_MTA0NjA=.html,http://zj.lmjx.net/zj_class_22_113_0_1.html
利洲D系列手泵提升托盘搬运车,型号ModelCBD-120CBD-150CBD-200CBD-250载重量(Kg)capacity1200150020002500载荷中心(mm)load center400(5……,2637,http://zj.lmjx.net/detail_VIDEO_MTA0NjA=.html,http://zj.lmjx.net/zj_class_22_113_0_1.html
虎力HB型剪式升高型手动液压搬运车,型号载重量 货叉最大高度 货叉长度 叉车宽度 蓄电池 充电器 净重kg(IBS) mm(inch)mmmm(inch) V-AHV-Akg手动 HL-540M 1000(2200)……,2307,http://zj.lmjx.net/detail_PRAISE_MTA0NjA=.html,http://zj.lmjx.net/zj_class_22_113_0_1.html
美科斯PT20/PT25型搬运车,型 号单 位PT20PT25动力形式手动手动额定起重量kg20002500货叉长度mm11001150货叉宽度mm540685提升高度mm200200……,948,http://zj.lmjx.net/detail_PARAM_MTQ4NTA=.html,http://zj.lmjx.net/zj_class_22_113_0_2.html
海斯特RP2.0N乘驾式托盘车,双承载轮设计允许叉车搬运更广范围的货物，能够适应不同的工作地面，使运搬作业更加流畅。 SEM电机技术提供出色的速度控制、良好的加速性能和高启动扭矩……,1918,http://zj.lmjx.net/detail_IMAGE_MTQ4NTA=.html,http://zj.lmjx.net/zj_class_22_113_0_2.html
杭叉CBD15-AWC1迷你型电动搬运车,……,127,http://zj.lmjx.net/detail_VIDEO_MTQ4NTA=.html,http://zj.lmjx.net/zj_class_22_113_0_2.html
丰田LWE140/160电动托盘车,LWE140/160型号LWE140/160额定负载公斤1400/1600负载中心毫米600全宽A毫米726转弯半径（外侧）B毫米1420/1477手柄高度C毫米1235至货叉垂直……,1503,http://zj.lmjx.net/detail_PRAISE_MTQ4NTA=.html,http://zj.lmjx.net/zj_class_22_113_0_2.html
林德T20AP04站驾式电动托盘搬运车,- 集中式的操作舵柄，所有的控制按钮都集中在舵柄头部，单手即可操作，提高工作效率- 带比例控制功能的电子转向，操作轻便- 转弯自动减速功能，保证行车安全- 实用的工作台有效提高了辅……,4350,http://zj.lmjx.net/detail_MTU1MjA=.html,http://zj.lmjx.net/zj_class_22_113_0_2.html
诺力ML0308/ML0311机械搬运车,1KG=2.2LB 1INCH=25.4MM型号ML0308ML0311额定负载 Q300kg提升高度145mm降低时高度85mm货叉外部宽度420mm货叉长度800mm1100m……,1430,http://zj.lmjx.net/detail_PARAM_MTU1MjA=.html,http://zj.lmjx.net/zj_class_22_113_0_2.html
奥津WSZ型前移式电动堆高车,型号WSZ-10BWSZ-12.5BWSZ-15B载荷kg100012501500载荷中心mm400(500)400(500)400(500)起在起升高mm300030003000……,1834,http://zj.lmjx.net/detail_IMAGE_MTU1MjA=.html,http://zj.lmjx.net/zj_class_22_113_0_2.html
威肯1―3吨手动托盘搬运车,依托40 年军工技术的积累，具有机械加工、铆焊、冲压、锻造、电加工、热处理、涂装、精密模具制造等综合制造能力和品质……,1884,http://zj.lmjx.net/detail_VIDEO_MTU1MjA=.html,http://zj.lmjx.net/zj_class_22_113_0_2.html
梅狮CBDST半电动液压托盘搬运车,高品质电控系统反应灵敏，操控自如重型设计，结构紧凑，适用于狭小空间进口液压泵站，使货物起升平稳有力低电压保护功能，保护电池，延长使用寿命大容量蓄电池，确保长时间工可选配进口手把，踏……,1406,http://zj.lmjx.net/detail_PRAISE_MTU1MjA=.html,http://zj.lmjx.net/zj_class_22_113_0_2.html
西林JFD8电动高起升剪式搬运车,技术参数/型号JFD8额定载荷kg1000最高货叉高度mm800最低货叉高度mm85货叉长度mm1245货叉宽度mm550/685驱动轮尺寸mm&phi;180&times;50叉……,2362,http://zj.lmjx.net/detail_MTAzNDA=.html,http://zj.lmjx.net/zj_class_22_113_0_2.html
洋马C50R-3B搬运车,规格型号C50R-3B座舱盖座舱倾卸式车身类型单向倾卸型形状箱型操作质量带操作员的重量lbs(kg)10970(4975)11300(5125)发动机类型水冷4缸柴油机型号4TNV……,4188,http://zj.lmjx.net/detail_PARAM_MTAzNDA=.html,http://zj.lmjx.net/zj_class_22_113_0_2.html
三菱SBR系列(1.2~2.0T)站驾式电动托盘搬运车,型 号产地动力形式类 型重 量载荷中心距SBR12K欧洲DC 24VStand-on Stacker1200 (kg)600 (mm)SBR12KI欧洲DC 24VStand-on……,2902,http://zj.lmjx.net/detail_IMAGE_MTAzNDA=.html,http://zj.lmjx.net/zj_class_22_113_0_2.html
合力BD10-20系列固定平台搬运车,电动固定平台搬运车系列技术参数序号项目代号（单位）参数1车型名称BD10BD202操作方式座驾式3载重能力Q（t）125轴距L1（mm）115014506自重Kg88013407空……,3199,http://zj.lmjx.net/detail_VIDEO_MTAzNDA=.html,http://zj.lmjx.net/zj_class_22_113_0_2.html
达力高起升搬运车,型号CBYG1.0-520 CBYG1.0-685 额定起重量 ( K ) 1000 货叉起升最大高度 (mm) 800 货叉低放高度(mm) 90 货叉外宽(mm) 520 68……,863,http://zj.lmjx.net/detail_PRAISE_MTAzNDA=.html,http://zj.lmjx.net/zj_class_22_113_0_2.html
远东CBY手动搬运车,项目 型号CBY2.5额定起重量(kg)2500货叉长度（mm）1150货叉外宽（mm）540/680货叉最低位高度(mm)85最大起升高度（mm）200自重(kg)80/85……,1642,http://zj.lmjx.net/detail_PARAM_NjE38---.html,http://zj.lmjx.net/zj_class_22_113_0_3.html
依格曼E65手动液压搬运车,主要性能参数表SPECIFICATION FOR STANDARD PRODUCT型号ModelE65-1E65-11E65-111起重重量Capacity(kg)25002500……,1618,http://zj.lmjx.net/detail_IMAGE_NjE38---.html,http://zj.lmjx.net/zj_class_22_113_0_3.html
金茂CBYB液压搬运车,液压缸体为优质钢焊接而成，柱塞杆、泵芯镀硬铬，耐磨、耐腐蚀。分油阀为整体结构，便于维修……,2231,http://zj.lmjx.net/detail_VIDEO_NjE38---.html,http://zj.lmjx.net/zj_class_22_113_0_3.html
摩纳凯DF系列搬运车,主要技术参数型 号DF20DF25DF30额定载荷(kg)200025003000货叉最低高度(mm)857585758575货叉最高高度(mm)19518519518519518……,2146,http://zj.lmjx.net/detail_PRAISE_NjE38---.html,http://zj.lmjx.net/zj_class_22_113_0_3.html
科朗PC 4500 系列中置站驾式托盘搬运车,电动站驾式托盘搬运车适用于各种工况应用。WT3000站驾式托盘搬运车承载重量可高达2.5吨……,195,http://zj.lmjx.net/detail_NjE10---.html,http://zj.lmjx.net/zj_class_22_113_0_3.html
力至优PLD 10R/15R/20R/30R站驾式 进口电动托盘车,"适用场合：适合平整地面上的中短距离的托盘水平搬运, 结构小巧紧凑，特别适于在类似货车内部这样的狭小空间内作业……",239,http://zj.lmjx.net/detail_PARAM_NjE10---.html,http://zj.lmjx.net/zj_class_22_113_0_3.html
永恒力EJE 220/225/235步行式电动托盘搬运车,强效的驱动电机与智能的控制系统先进的驱动技术与电子控制系统(SpeedControl)保证了叉车能在各种工况下安全运作：在任何情况下即使是在斜坡上也可通过行驶开关保持设定的速度斜坡……,60,http://zj.lmjx.net/detail_IMAGE_NjE10---.html,http://zj.lmjx.net/zj_class_22_113_0_3.html
中方机械ZHB-ED系列电动托盘车,1）清洁环保：具有现代工业产品设计感和流畅感的独特外观造型；高效节能的电液控制系统，无污染；采用再生制动，减少机械磨损；液压产品低噪音化2）舒适性：仪表操纵台明快设计使叉车尽显高贵……,818,http://zj.lmjx.net/detail_VIDEO_NjE10---.html,http://zj.lmjx.net/zj_class_22_113_0_3.html
利洲CBE系列全电动托搬搬运车,型号ModelCBE-120CBE-150CBE-200CBE-250载重量(Kg)capacity1200150020002500载荷中心(mm)load center400(5……,1840,http://zj.lmjx.net/detail_PRAISE_NjE10---.html,http://zj.lmjx.net/zj_class_22_113_0_3.html
虎力HB型剪式升高型手动液压搬运车,"&bull;是搬运车和平台车的有机结合&bull;当起升高度大于420mm时,叉腿稳定的撑住地面,防止滑动,达到刹车的效果&bull;快起升油缸和按照人体工学设计的塑胶手柄、隔热舒……",1715,http://zj.lmjx.net/detail_NjE22---.html,http://zj.lmjx.net/zj_class_22_113_0_3.html
龙工LG10ED托盘堆垛车（高配）,?操作手柄设置紧急反向开关，大大提升行驶过程中的安全性。?双门架采用双H型门架，坚固安全。?系统中加装安全防爆阀，可以在液压软管失效情况下使货物不会快速下落，确保操作人员人身安全……,122,http://zj.lmjx.net/detail_PARAM_NjE22---.html,http://zj.lmjx.net/zj_class_22_113_0_3.html
海斯特RP3.0乘驾式托盘车,双承载轮设计允许叉车搬运更广范围的货物，能够适应不同的工作地面，使运搬作业更加流畅。 SEM电机技术提供出色的速度控制、良好的加速性能和高启动扭矩……,781,http://zj.lmjx.net/detail_IMAGE_NjE22---.html,http://zj.lmjx.net/zj_class_22_113_0_3.html
杭叉CBD20-AEC1步行式经济型电动搬运车,……,134,http://zj.lmjx.net/detail_VIDEO_NjE22---.html,http://zj.lmjx.net/zj_class_22_113_0_3.html
丰田LHM200ST手动液压托盘车,LHM200ST型号LHM200ST额定负载公斤2000负载中心毫米---全宽A毫米520/695转弯半径（外侧）B毫米1392车体高度C毫米1220至货叉垂直面的长度D毫米356……,1461,http://zj.lmjx.net/detail_PRAISE_NjE22---.html,http://zj.lmjx.net/zj_class_22_113_0_3.html
诺力RTT12户外搬运车,Rough Terrain Truck1KG=2.2LB 1INCH=25.4MM型号RTT12额定负载 Qkg1200货叉长度 L1mm860货叉宽度 emm100可调节 货叉宽……,1664,http://zj.lmjx.net/detail_PARAM_NjAz7---.html,http://zj.lmjx.net/zj_class_22_113_0_4.html
奥津CTY型手动堆高车," 适合于堆垛转运托盘货物 带附加装置能用于很多场合 CTY型手动液压堆高车起升量为500-2000kg,起升高度1600mm，2500MM或者3000MM 手动液压堆高车有单独泵驱……",2023,http://zj.lmjx.net/detail_IMAGE_NjAz7---.html,http://zj.lmjx.net/zj_class_22_113_0_4.html
梅狮CBDS半电动液压托盘搬运车,高品质电控系统反应灵敏，操控自如重型设计，结构紧凑，适用于狭小空间进口液压泵站，使货物起升平稳有力低电压保护功能，保护电池，延长使用寿命大容量蓄电池，确保长时间工作可选配进口手把，……,920,http://zj.lmjx.net/detail_VIDEO_NjAz7---.html,http://zj.lmjx.net/zj_class_22_113_0_4.html
西林CBD20全电动搬运车,技术参数/型号CBD20额定负载kg2000载荷中心 mm600货叉最高高度mm205货叉最低高度mm85货叉长度Lmm1100/1150/1220货叉宽度Wmm520/550/6……,2343,http://zj.lmjx.net/detail_PRAISE_NjAz7---.html,http://zj.lmjx.net/zj_class_22_113_0_4.html
洋马C12R-A搬运车,规格型号C12R-A倾卸类型单向三向整机重量净卸载1磅（kg）2227 (1010)2426 (1100)发动机类型水冷2缸柴油机型号2TE67L-FW输出hp(kW)/RPM10……,3148,http://zj.lmjx.net/detail_NTQx2---.html,http://zj.lmjx.net/zj_class_22_113_0_4.html
三菱PBR20K(2.0T)站驾式电动托盘搬运车,型 号产地动力形式类 型重 量载荷中心距PBR20K欧洲DC 24VStand-on Power Pallet2000 (kg)600 (mm)……,1679,http://zj.lmjx.net/detail_PARAM_NTQx2---.html,http://zj.lmjx.net/zj_class_22_113_0_4.html
合力CDD-S1宽叉腿系列蓄电池托盘堆垛车,主要配置及特点欧洲进口驱动单元；2、欧洲进口液压工作站；3、进口控制器及仪表；4、进口聚氨脂承载轮、驱动轮及转向轮；5、两级全自由门架；6、步行式或站立式驾驶；7、叉腿宽度可根据用……,2525,http://zj.lmjx.net/detail_IMAGE_NTQx2---.html,http://zj.lmjx.net/zj_class_22_113_0_4.html
达力CBY E型液压搬运车,项 目 标准系列搬运车 CBY1 CBY1.5 CBY E 2 CBY E 2.5CBY3 额定起重量Kg 1000 1500 2000 2500 3000 起升高度mm 115 ……,2026,http://zj.lmjx.net/detail_VIDEO_NTQx2---.html,http://zj.lmjx.net/zj_class_22_113_0_4.html
远东CBD-D2.0电动托盘搬运车,CBD2.0A全电动托盘搬运车，体积小，重量轻，操作灵活简易，不污染环境，并能适应通道狭隘，进入电梯及楼面使用。适用于各类车间、仓库、码头、商店、宾馆等货物的堆垛及搬运、装卸……,1642,http://zj.lmjx.net/detail_PRAISE_NTQx2---.html,http://zj.lmjx.net/zj_class_22_113_0_4.html
金茂CBYD液压搬运车,液压缸体为优质钢焊接而成，柱塞杆、泵芯镀硬铬，耐磨、耐腐蚀。分油阀为整体结构，便于维修……,2167,http://zj.lmjx.net/detail_NTky6---.html,http://zj.lmjx.net/zj_class_22_113_0_4.html
摩纳凯CBG系列搬运车,主要技术参数型 号CBG20CBG25DCB20DCB25额定载荷(kg)2000250020002500货叉最低高度(mm)85货叉最高高度(mm)195转向轮(mm)&phi;……,2259,http://zj.lmjx.net/detail_PARAM_NTky6---.html,http://zj.lmjx.net/zj_class_22_113_0_4.html
科朗PR 4500 系列站驾式托盘搬运车,电动站驾式托盘搬运车适用于各种工况应用。WT3000站驾式托盘搬运车承载重量可高达2.5吨……,194,http://zj.lmjx.net/detail_IMAGE_NTky6---.html,http://zj.lmjx.net/zj_class_22_113_0_4.html
力至优ERE 120站驾式电动托盘车,"适用场合：适合平整地面上的中短距离的托盘水平搬运, 结构小巧紧凑，特别适于在类似货车内部这样的狭小空间内作业……",219,http://zj.lmjx.net/detail_VIDEO_NTky6---.html,http://zj.lmjx.net/zj_class_22_113_0_4.html
永恒力ERE 225站驾式电动托盘车,强劲的三相交流驱动电机及智能型控制器先进驾驶技术及电控部件（速度控制）可根据作业需求灵活调节，确保安全、节能行驶：即便在斜坡上行驶，仍能保持恒速在斜坡上车轮出现意外倒转时，ERE ……,54,http://zj.lmjx.net/detail_PRAISE_NTky6---.html,http://zj.lmjx.net/zj_class_22_113_0_4.html
龙工LG15ET托盘搬运车（经济款）,?操作手柄设置紧急反向开关，大大提升行驶过程中的安全性。?系统中加装安全防爆阀，可以在液压软管失效情况下使货物不会快速下落，确保操作人员人身安全……,163,http://zj.lmjx.net/detail_PARAM_NjEz2---.html,http://zj.lmjx.net/zj_class_22_113_0_5.html
海斯特RP2.0乘驾式托盘车,双承载轮设计允许叉车搬运更广范围的货物，能够适应不同的工作地面，使运搬作业更加流畅。 SEM电机技术提供出色的速度控制、良好的加速性能和高启动扭矩……,731,http://zj.lmjx.net/detail_IMAGE_NjEz2---.html,http://zj.lmjx.net/zj_class_22_113_0_5.html
杭叉CBD20-AC1标准型电动搬运车,……,98,http://zj.lmjx.net/detail_VIDEO_NjEz2---.html,http://zj.lmjx.net/zj_class_22_113_0_5.html
丰田LPE240电动托盘车,型号LPE240额定负载公斤2400负载中心毫米600全宽A毫米790转弯半径（外侧）B毫米1811/2233护顶架高C毫米---至货叉垂直面的长度D毫米831/1253……,1572,http://zj.lmjx.net/detail_PRAISE_NjEz2---.html,http://zj.lmjx.net/zj_class_22_113_0_5.html
林德T16/T20/T30电动托盘搬运车,#NAME?,4795,http://zj.lmjx.net/detail_MjYyMjA=.html,http://zj.lmjx.net/zj_class_22_113_0_5.html
诺力SLP10剪式搬运车,1KG=2.2LB 1INCH=25.4MM额定负载10001500货叉宽度(W)540680货叉长度(L)11501500货叉最低高度(H)8585货叉最高高度800800前轮聚……,1446,http://zj.lmjx.net/detail_PARAM_MjYyMjA=.html,http://zj.lmjx.net/zj_class_22_113_0_5.html
奥津CTJ型手动堆高车,1． 采用最新设计的仪表，精度达到0.1%，最小刻度1KG2． 具有毛重、去皮、累计功能，密封要求符合IP65标准，冲洗方便3． 仪表具有低电压、缺纸、低温报警功能……,1781,http://zj.lmjx.net/detail_IMAGE_MjYyMjA=.html,http://zj.lmjx.net/zj_class_22_113_0_5.html
梅狮CBDA半电动托盘搬运车,主要特点电制动安全，灵活，起步平稳内置充电器，结构紧凑，操作方便电动行走，液压起升重量轻，车身矮，视野开阔……,1100,http://zj.lmjx.net/detail_VIDEO_MjYyMjA=.html,http://zj.lmjx.net/zj_class_22_113_0_5.html
西林CBD20J全电动搬运车,说明: 操作性和灵巧车身的完美结合 高效微型电脑MOSFET控制系统 采用交流调频调速电机 低能耗，维护方便 制动可靠、低噪音技术参数/型号CBD20J额定负载kg2000载荷中心……,1539,http://zj.lmjx.net/detail_PRAISE_MjYyMjA=.html,http://zj.lmjx.net/zj_class_22_113_0_5.html
三菱PB20(2.0T)座驾式电动托盘搬运车,型 号产地动力形式类 型重 量载荷中心距PB20欧洲DC 24VSit-On Power Pallet2000 (kg)600 (mm)……,1727,http://zj.lmjx.net/detail_MTAzMzg=.html,http://zj.lmjx.net/zj_class_22_113_0_5.html
合力CBD18/20J4交流低起升托盘车,型 号CBD18/20J41额定起重量 kg1800/20002载荷中心距 mm6003最大起升高度H1 mm 2104货叉最低高度G mm855离地最小间隙E mm456轴距L2……,2620,http://zj.lmjx.net/detail_PARAM_MTAzMzg=.html,http://zj.lmjx.net/zj_class_22_113_0_5.html
达力CBY G型液压搬运车,项 目标准系列搬运车CBY G 2CBY G 2.5CBY G 3额定起重量Kg200025003000起升高度mm115货叉低放高度mm85货叉高放高度mm200货叉面长度mm1……,1710,http://zj.lmjx.net/detail_IMAGE_MTAzMzg=.html,http://zj.lmjx.net/zj_class_22_113_0_5.html
金茂CBYF手动液压搬运车,液压缸体为优质钢焊接而成，柱塞杆、泵芯镀硬铬，耐磨、耐腐蚀。分油阀为整体结构，便于维修……,2724,http://zj.lmjx.net/detail_VIDEO_MTAzMzg=.html,http://zj.lmjx.net/zj_class_22_113_0_5.html
科朗PE 4500 系列站驾式托盘搬运车,电动站驾式托盘搬运车适用于各种工况应用。WT3000站驾式托盘搬运车承载重量可高达2.5吨……,207,http://zj.lmjx.net/detail_PRAISE_MTAzMzg=.html,http://zj.lmjx.net/zj_class_22_113_0_5.html
永恒力AMW 22/22p手动液压搬运车,操作简便轻松操作的操纵杆，无论习惯左手或右手操作的用户，都能舒适操控。特殊的下降阀保证最重1000kg货物下降时都能异常平稳……,50,http://zj.lmjx.net/detail_PARAM_MjU2MTQ=.html,http://zj.lmjx.net/zj_class_22_113_0_6.html
虎力NH型剪式升高型手动液压搬运车,型号NH10SNH10LNHE10SNHE10L 额定载重量 （Kg）1000100010001000 最大起升高度 H (mm)800800800800 最小起升高度h (mm)……,1615,http://zj.lmjx.net/detail_IMAGE_MjU2MTQ=.html,http://zj.lmjx.net/zj_class_22_113_0_6.html
龙工LG10ED托盘堆垛车（简配）,?操作手柄设置紧急反向开关，大大提升行驶过程中的安全性。?双门架采用复合门架（叉车槽钢和H型钢组合），坚固安全……,148,http://zj.lmjx.net/detail_VIDEO_MjU2MTQ=.html,http://zj.lmjx.net/zj_class_22_113_0_6.html
海斯特P2.0SD踏板式托盘车,工作效率高、加速快、10.5km/h的双速运行、助力转向，并且可以实现在转向时逐步加力。 型叉车具有双货盘处理性能，适用于较大容量货车的装卸……,890,http://zj.lmjx.net/detail_PRAISE_MjU2MTQ=.html,http://zj.lmjx.net/zj_class_22_113_0_6.html
丰田LPE200电动托盘车,型号LPE200额定负载公斤2000负载中心毫米600全宽A毫米726转弯半径（外侧）B毫米1569/1943护顶架高C毫米---至货叉垂直面的长度D毫米670/1051……,2356,http://zj.lmjx.net/detail_MjY0OTQ=.html,http://zj.lmjx.net/zj_class_22_113_0_6.html
林德M20/M25/M30手动托盘搬运车,- 根据人机工程学原理设计的舵柄，操作简单、安全、灵活； - 高强度的车身，满足各种需求，适应性强； - 先进的液压系统具有轻载快速提升功能，效率高； - 驱动轮和双承载前轮均为聚……,4912,http://zj.lmjx.net/detail_PARAM_MjY0OTQ=.html,http://zj.lmjx.net/zj_class_22_113_0_6.html
诺力SLT10剪式搬运车,1KG=2.2LB 1INCH=25.4MM项目/型号 SLT10额定负载 QKg1000货叉最低高度 hmm85货叉最高高度 h1mm800货叉尺寸 e*smm160x50货叉全……,1296,http://zj.lmjx.net/detail_IMAGE_MjY0OTQ=.html,http://zj.lmjx.net/zj_class_22_113_0_6.html
奥津CPS型电子称搬运车,1． 采用最新设计的仪表，精度达到0.1%，最小刻度1KG2． 具有毛重、去皮、累计功能，密封要求符合IP65标准，冲洗方便3． 仪表具有低电压、缺纸、低温报警功能……,1670,http://zj.lmjx.net/detail_VIDEO_MjY0OTQ=.html,http://zj.lmjx.net/zj_class_22_113_0_6.html
梅狮5吨手动搬运车,产品型号HP50S额定载重kg5000最小/最大货叉高度mm90/200货叉长度mm1150单货叉宽度mm210货叉外宽mm580外形尺寸mm1546x588x1300重量kg19……,774,http://zj.lmjx.net/detail_PRAISE_MjY0OTQ=.html,http://zj.lmjx.net/zj_class_22_113_0_6.html
西林CBD20M全电动搬运车,技术参数/型号CBD20M额定负载kg2000载荷中心 mm600货叉最高高度mm205货叉最低高度mm85货叉长度Lmm1100/1150/1220货叉宽度Wmm520/550/……,1824,http://zj.lmjx.net/detail_NjEz1---.html,http://zj.lmjx.net/zj_class_22_113_0_6.html
三菱PBV20K(2.0T)平台式电动托盘搬运车,型 号产地动力形式类 型重 量载荷中心距PBV20K欧洲DC 24VPlatform Power Pallet2000 (kg)600 (mm)……,1612,http://zj.lmjx.net/detail_PARAM_NjEz1---.html,http://zj.lmjx.net/zj_class_22_113_0_6.html
合力CBS08手推电起升堆垛搬运车,"简介CBS08手推电起升堆垛搬运车主要适用于一些低频率和相对低起升堆垛等小型堆垛货物的场合,同其他机动叉车种类相比,具有结构简单,使用轻便,价格相对便宜等优点.与手动托盘堆垛车相比……",2437,http://zj.lmjx.net/detail_IMAGE_NjEz1---.html,http://zj.lmjx.net/zj_class_22_113_0_6.html
达力CBD型半电动搬运车,额定起重量Kg1000、1500、2000、2500货叉低放高度mm85货叉起升高度mm115货叉长度mm1100、1200货叉宽度mm550、685驱动电机功率（Kw）0.75、……,1514,http://zj.lmjx.net/detail_VIDEO_NjEz1---.html,http://zj.lmjx.net/zj_class_22_113_0_6.html
金茂CBYK液压搬运车,液压缸体为优质钢焊接而成，柱塞杆、泵芯镀硬铬，耐磨、耐腐蚀。分油阀为整体结构，便于维修……,2304,http://zj.lmjx.net/detail_PRAISE_NjEz1---.html,http://zj.lmjx.net/zj_class_22_113_0_6.html
西林BFQ搬运车,双速手动液压搬运车；轻载300KG时快速起升，重载时正常起升，有较高的工作效率；集成一体油泵；货叉由高强度合金钢板制造，自重轻，承载能力大……,1346,http://zj.lmjx.net/detail_PARAM_NTM18---.html,http://zj.lmjx.net/zj_class_22_113_0_14.html
诺力AC-TWO手动搬运车,四方向型搬运车1KG=2.2LB 1INCH=25.4MM额定负载 Qkg1500货叉最低高度 hmm85货叉最高高度 h1mm85-170-210转向轮mm&Phi;200x50……,1104,http://zj.lmjx.net/detail_IMAGE_NTM18---.html,http://zj.lmjx.net/zj_class_22_113_0_14.html
西林BFS搬运车,不锈钢手动液压搬运车具有较强的抗腐蚀能力，一般用于食品、化学品、水产品以及清洁物品的搬运，也可在冷库等环境中使用，如需特别要求，则在订货前说明……,1329,http://zj.lmjx.net/detail_VIDEO_NTM18---.html,http://zj.lmjx.net/zj_class_22_113_0_14.html
诺力AC20R系列手动搬运车,纸筒型搬运车1KG=2.2LB 1INCH=25.4MM项目/型号AC20R500AC20R700AC20R1000AC20R1500额定负载 Qkg2000滚桶直径mm400-6……,1190,http://zj.lmjx.net/detail_PRAISE_NTM18---.html,http://zj.lmjx.net/zj_class_22_113_0_14.html
西林BFG搬运车,镀锌手动液压搬运车；主要零件经热浸镀锌处理，具有一般性的防腐蚀能力，适用于潮湿环境中使用，也可在冷库中使用，但不能在腐蚀环境中使用……,1333,http://zj.lmjx.net/detail_NTI01---.html,http://zj.lmjx.net/zj_class_22_113_0_14.html
诺力AC-Low系列手动搬运车,1KG=2.2LB 1INCH=25.4MM项目/型号AC-Low-51mmAC-Supper Low 额定负载 Qkg15001000货叉最低高度 hmm5135货叉最高高度 h……,1170,http://zj.lmjx.net/detail_PARAM_NTI01---.html,http://zj.lmjx.net/zj_class_22_113_0_14.html
西林CN搬运车,技术参数/型号CN额定负载 kg2500/30002500/3000货叉最低高度H1 mm195185货叉最高高度H2 mm8575无手柄高度H3 mm442432大轮尺寸A  m……,1261,http://zj.lmjx.net/detail_IMAGE_NTI01---.html,http://zj.lmjx.net/zj_class_22_113_0_14.html
诺力ACZ20手动搬运车,镀锌搬运车1KG=2.2LB 1INCH=25.4MM项目/型号ACZ20HACZ20L额定负载 Qkg20002000货叉最低高度 hmm8575货叉最高高度 h1mm20019……,1188,http://zj.lmjx.net/detail_VIDEO_NTI01---.html,http://zj.lmjx.net/zj_class_22_113_0_14.html
西林WF搬运车,型号WF额定负载 kg500货叉最低高度H1 mm150货叉最高高度H2 mm60无手柄高度H3 mm370.5大轮尺寸A  mm127&times;50叉轮尺寸单轮B mm58&……,1226,http://zj.lmjx.net/detail_PRAISE_NTI01---.html,http://zj.lmjx.net/zj_class_22_113_0_14.html
诺力ACS20手动搬运车,ACS20H/ACS20L不锈钢搬运车1KG=2.2LB 1INCH=25.4MM项目/型号ACS20HACS20L额定负载 Qkg20002000货叉最低高度 hmm8575货叉……,1121,http://zj.lmjx.net/detail_NTM17---.html,http://zj.lmjx.net/zj_class_22_113_0_14.html
西林SYBC搬运车,技术参数/型号SYBC额定负载 kg2000/25002000/2500货叉最低高度H1 mm193183货叉最高高度H2 mm8575无手柄高度H3 mm518508大轮尺寸A ……,1328,http://zj.lmjx.net/detail_PARAM_NTM17---.html,http://zj.lmjx.net/zj_class_22_113_0_14.html
诺力ACF20手动搬运车,Conforms to EN 1757-2快速升起搬运车1KG=2.2LB 1INCH=25.4MM项目/型号ACF20HACF20L额定负载 Qkg20002000货叉最低高度 ……,1195,http://zj.lmjx.net/detail_IMAGE_NTM17---.html,http://zj.lmjx.net/zj_class_22_113_0_14.html
西林NF搬运车,技术参数/型号NF额定负载 kg2000/2500货叉最低高度H1 mm195货叉最高高度H2 mm85无手柄高度H3 mm430.5大轮尺寸A  mm200&times;50叉轮……,1566,http://zj.lmjx.net/detail_VIDEO_NTM17---.html,http://zj.lmjx.net/zj_class_22_113_0_14.html
诺力AC系列手动搬运车,"Conforms to EN 1757-2油泵为整体密封式，关键部件采用德国进口原件,根除漏油的弊病，大小活塞杆镀铬结构牢固，有过载保护，下降速度控制，阀芯采用整体件，有别于分散零……",1598,http://zj.lmjx.net/detail_PRAISE_NTM17---.html,http://zj.lmjx.net/zj_class_22_113_0_14.html
西林BF搬运车,油泵壳座为机械、液压集成一体化设计；密封设计防漏可靠，免维护、免拆装；千斤顶上的活塞杆导套的大口螺纹联接结构与卡式大轮轴联接结构是本公司之专利……,1455,http://zj.lmjx.net/detail_PARAM_NTIz4---.html,http://zj.lmjx.net/zj_class_22_113_0_15.html
龙工LG20ET电动托盘搬运车,?特殊设计的交流驱动电机，提供更强动力，使作业更广泛有效；?世界一流的液压站，底噪音，小振动，密封性能好，空载满载下降速度自动调整，确保起升下降平稳可靠；?前后车架通过新型的上连杆……,13,http://zj.lmjx.net/detail_IMAGE_NTIz4---.html,http://zj.lmjx.net/zj_class_22_113_0_15.html
龙工LG20ETⅠ托盘搬运车,◆配置高端可靠原装进口的CURTIS控制器，大功率MOSFETS驱动，高频、高效、安静，具有无级调速及反接制动功能……,14,http://zj.lmjx.net/detail_VIDEO_NTIz4---.html,http://zj.lmjx.net/zj_class_22_113_0_15.html
龙工LG15ETⅠ托盘搬运车,? 转弯半径小、车辆重心低，转向稳定性极佳。? 操作手柄左右两侧均有上升下降按钮，非常方便操作。? 操作手柄加装龟速开关，速度控制更加精准……,15,http://zj.lmjx.net/detail_PRAISE_NTIz4---.html,http://zj.lmjx.net/zj_class_22_113_0_15.html
龙工LG20-30ETⅠ托盘搬运车,◆配置高端可靠原装进口的CURTIS交流控制器，大功率MOSFETS驱动，高频、高效、安静，具有无级调速及反接制动功能。完善的温度保护和补偿功能实现热保护和稳定输出……,14,http://zj.lmjx.net/detail_NTIz3---.html,http://zj.lmjx.net/zj_class_22_113_0_15.html
科朗GPC 3000 系列中置站驾式托盘搬运车,电动站驾式托盘搬运车适用于各种工况应用。WT3000站驾式托盘搬运车承载重量可高达2.5吨……,228,http://zj.lmjx.net/detail_MjU1NzQ=.html,http://zj.lmjx.net/zj_class_22_113_0_7.html
力至优EJE 116/120步行式电动托盘车,"适用场合：适合平整地面上的短距离的托盘水平搬运, 结构小巧紧凑，特别适于在类似货车内部这样的狭小空间内作业……",206,http://zj.lmjx.net/detail_PARAM_MjU1NzQ=.html,http://zj.lmjx.net/zj_class_22_113_0_7.html
永恒力EJR 120n站驾式电动托盘车,新一代三相交流电技术创新的三相交流电技术在提供高校率性能的同时有效地降低运行成本：出色的高效率能量管理系统强大的加速能力行使过程中快速灵敏的转向在减速制动时能量回充系统更长的持续运……,86,http://zj.lmjx.net/detail_IMAGE_MjU1NzQ=.html,http://zj.lmjx.net/zj_class_22_113_0_7.html
虎力JE型剪式升高型手动液压搬运车,&bull;电动起升，让使用更方便，更高效&bull;采用意大利进口海普泵站……,1610,http://zj.lmjx.net/detail_VIDEO_MjU1NzQ=.html,http://zj.lmjx.net/zj_class_22_113_0_7.html
龙工DB 2.0T手动托运车,?模块式阀芯设计 让故障率降至最低；?独特的便捷士欧洲流线型手柄 手感倍加舒适；?摇臂采用45号钢锻造 大大提高抗弯性；?车身转向130度 不易引起侧翻；?重载持续时间长 不易变形……,149,http://zj.lmjx.net/detail_PRAISE_MjU1NzQ=.html,http://zj.lmjx.net/zj_class_22_113_0_7.html
海斯特P2.0SE踏板式托盘车,工作效率高、加速快、10.5km/h的双速运行、助力转向，并且可以实现在转向时逐步加力。 型叉车具有双货盘处理性能，适用于较大容量货车的装卸……,938,http://zj.lmjx.net/detail_MjU2MTM=.html,http://zj.lmjx.net/zj_class_22_113_0_7.html
丰田LWE180/200/250电动托盘车,型号LWE180/200/250额定负载公斤1800/2000/2500负载中心毫米600全宽A毫米726转弯半径（外侧）B毫米1447手柄高度C毫米1235至货叉垂直面的长度D毫……,1611,http://zj.lmjx.net/detail_PARAM_MjU2MTM=.html,http://zj.lmjx.net/zj_class_22_113_0_7.html
诺力EX剪式搬运车,"提升使用两种 手动和电动, 下载使用手动Conforms to EN1757-4 and EN1175电动剪式搬运车1KG=2.2LB 1INCH=25.4MM项目/型号 EX额定……",1356,http://zj.lmjx.net/detail_IMAGE_MjU2MTM=.html,http://zj.lmjx.net/zj_class_22_113_0_7.html
奥津NPT型户外搬运车,型号NPT10-1NPT10-2载荷 (kg)11001100货叉长 (mm)LP800800叉腿宽（内侧） (mm)D10401210叉腿宽（外侧） (mm)B13001470自……,1713,http://zj.lmjx.net/detail_VIDEO_MjU2MTM=.html,http://zj.lmjx.net/zj_class_22_113_0_7.html
梅狮轻型手动搬运车,带手动缓降控制阀的油泵货叉下的推杆可调，以控制货叉最低高度货叉前端为弧形，方便装卸货物“C”结构的货叉各活动处都加上长久润滑油……,792,http://zj.lmjx.net/detail_PRAISE_MjU2MTM=.html,http://zj.lmjx.net/zj_class_22_113_0_7.html
西林CBD20H全电动搬运车,说明: 外型小巧大方，造型美观 带踏板、护栏，操作方便、安全 侧拉式电瓶，便于更换 控制系统采用高效微电脑MOS管控制 低能耗，维护方便 制动可靠、噪音小……,2131,http://zj.lmjx.net/detail_MjY0OTk=.html,http://zj.lmjx.net/zj_class_22_113_0_7.html
三菱PBP13-20M(1.3~2.0T)步行式电动托盘搬运车,型 号产地动力形式类 型重 量载荷中心距PBP13M欧洲AC 24VPedestrian Power Pallet1300 (kg)600 (mm)PBP16M欧洲AC 24VPe……,1606,http://zj.lmjx.net/detail_PARAM_MjY0OTk=.html,http://zj.lmjx.net/zj_class_22_113_0_7.html
合力CBD25蓄电池托盘搬运车,主要配置及特点欧洲进口驱动单元；2、欧洲进口液压工作站；3、进口控制器及仪表；4、进口聚氨脂承载轮、驱动轮及转向轮；5、大容量铅酸蓄电池；6、连杆机构起升；7、快速、高效；8、站立……,2953,http://zj.lmjx.net/detail_IMAGE_MjY0OTk=.html,http://zj.lmjx.net/zj_class_22_113_0_7.html
达力CBYG型5T液压搬运车,项 目标准系列搬运车CBY G 2CBY G 2.5CBY G 3CBYG5额定起重量Kg2000250030005000起升高度mm115115货叉低放高度mm8595货叉高放高……,1630,http://zj.lmjx.net/detail_VIDEO_MjY0OTk=.html,http://zj.lmjx.net/zj_class_22_113_0_7.html
金茂CBYG高起升搬运车,型号ModelCBYG1.0-520CBYG1.0-685额定起重量Rated lifting capacity(K)1000货叉起升最大高度Max lifting height ……,1768,http://zj.lmjx.net/detail_PRAISE_MjY0OTk=.html,http://zj.lmjx.net/zj_class_22_113_0_7.html
科朗WT 3000 系列站驾式托盘搬运车,电动站驾式托盘搬运车适用于各种工况应用。WT3000站驾式托盘搬运车承载重量可高达2.5吨……,181,http://zj.lmjx.net/detail_MjU1NzA=.html,http://zj.lmjx.net/zj_class_22_113_0_8.html
永恒力ERE 120n步行式/站驾式电动托盘搬运车,高效的驱动电机与智能的控制系统先进的驱动技术与电子控制系统（速度控制）保证了叉车能在各种工况下安全运作：在任何情况下，即时是在斜坡上也可通过行使开关保持设定的速度在坡面上发生意外下……,51,http://zj.lmjx.net/detail_PARAM_MjU1NzA=.html,http://zj.lmjx.net/zj_class_22_113_0_8.html
虎力JL型剪式升高型手动液压搬运车,&bull;人体工程学手柄设计让操作者更舒适省力&bull;符合欧洲EN1745-4标准……,1541,http://zj.lmjx.net/detail_IMAGE_MjU1NzA=.html,http://zj.lmjx.net/zj_class_22_113_0_8.html
龙工ESB-T全电动平衡重式堆高车（经济款）,?操作手柄设置紧急反向开关，大大提升行驶过程中的安全性。?双门架采用复合门架（叉车槽钢和H型钢组合），坚固安全。?油缸采用高精密耐磨珩磨管，进口密封件，油缸整体方便拆卸和维修……,130,http://zj.lmjx.net/detail_VIDEO_MjU1NzA=.html,http://zj.lmjx.net/zj_class_22_113_0_8.html
海斯特P2.0S踏板式托盘车,工作效率高、加速快、10.5km/h的双速运行、助力转向，并且可以实现在转向时逐步加力。 型叉车具有双货盘处理性能，适用于较大容量货车的装卸……,812,http://zj.lmjx.net/detail_PRAISE_MjU1NzA=.html,http://zj.lmjx.net/zj_class_22_113_0_8.html
丰田LHM230Q电动托盘车,型号LWE140/160额定负载公斤1400/1600负载中心毫米600全宽A毫米726转弯半径（外侧）B毫米1420/1477手柄高度C毫米1235至货叉垂直面的长度D毫米481……,1586,http://zj.lmjx.net/detail_MjY0OTc=.html,http://zj.lmjx.net/zj_class_22_113_0_8.html
诺力SLT(N)10剪式搬运车,SLT(N)10Conforms to CE safety standardConforms to EN1757-41KG=2.2LB 1INCH=25.4MM项目/型号 SLT(……,1546,http://zj.lmjx.net/detail_PARAM_MjY0OTc=.html,http://zj.lmjx.net/zj_class_22_113_0_8.html
奥津NPE型电动搬运车,1． 电动行走，液压起升 2． 自重轻、车身低、操作轻巧、视野开阔 3． 车架设计坚固，承载力强 4． 起步平稳，电机输出电磁制动 5． 大容量牵引电瓶，确保长时间工作……,1440,http://zj.lmjx.net/detail_IMAGE_MjY0OTc=.html,http://zj.lmjx.net/zj_class_22_113_0_8.html
梅狮CBD1.3C全电动托盘搬运车,主要特点电制动安全，灵活，起步平稳内置充电器，结构紧凑，操作方便电动行走，液压起升重量轻，车身矮，视野开阔……,1587,http://zj.lmjx.net/detail_VIDEO_MjY0OTc=.html,http://zj.lmjx.net/zj_class_22_113_0_8.html
西林CBD12全电动搬运车,技术参数/型号CBD12额定负载kg1200载荷中心 mm600货叉最高高度mm205货叉长度Lmm1100/1150/1220货叉宽度Wmm520/550/650转弯半径Rmm1……,1466,http://zj.lmjx.net/detail_PRAISE_MjY0OTc=.html,http://zj.lmjx.net/zj_class_22_113_0_8.html
合力CDD10/12蓄电池托盘堆垛车,主要配置及特点欧洲进口驱动单元；2、欧洲进口液压工作站；3、进口控制器及仪表；4、进口聚氨脂承载轮、驱动轮及转向轮；5、两级全自由门架；6、重量轻，转弯半径小，适合楼层及狭小空间作……,3127,http://zj.lmjx.net/detail_NjEy9---.html,http://zj.lmjx.net/zj_class_22_113_0_8.html
金茂CBD2全电动托盘搬运车,车型单位参数额定起重量QKg2000操纵方式站架式叉面长度Amm1220载荷中心Bmm600车身总长（含踏板）mm2400车身高度（不含控制杆）mm830车身宽度Emm750叉板宽……,1973,http://zj.lmjx.net/detail_PARAM_NjEy9---.html,http://zj.lmjx.net/zj_class_22_113_0_8.html
科朗WP 3000 系列步行式电动托盘搬运车,步行式电动托盘搬运车几乎适用于任何工况应用。对于承载重量较轻的系列，WP2300是专为快节奏工况环境而设计，如在装卸平台与卡车间的货物装卸工作，或是任何需要极端灵活操作的地方……,270,http://zj.lmjx.net/detail_IMAGE_NjEy9---.html,http://zj.lmjx.net/zj_class_22_113_0_8.html
永恒力HC 110手动液压搬运车,节约成本、动力强劲对于偶尔有堆垛（举升高度3000mm以内）需求的用户，HC 110比配备驱动电机的堆垛机更经济实惠……,69,http://zj.lmjx.net/detail_VIDEO_NjEy9---.html,http://zj.lmjx.net/zj_class_22_113_0_8.html
虎力全电动托盘搬运车,&bull;该车为电动起升电动行走式托盘式搬运车&bull;采用意大利进口的海普泵站，让车起升更轻松&bull;采用美国进口的科第斯电控，来控制车辆的起升和行走&bull;采用意大……,1927,http://zj.lmjx.net/detail_PRAISE_NjEy9---.html,http://zj.lmjx.net/zj_class_22_113_0_8.html
龙工BI手动搬运车,?Bi系列手动液压搬运车流线型设计，美观大方；?货叉和三角面板均采用大型模具整体切割和冲压，全自动焊接工艺，车体整机强度更高，表面更加平整光滑……,124,http://zj.lmjx.net/detail_MjYyNDc=.html,http://zj.lmjx.net/zj_class_22_113_0_9.html
海斯特P3.0步行式托盘车,本产品具有结构坚固、动力强劲和可靠性强的特性，能够满足您节约成本的需求。 根据应用需要，为叉车选择相应的配置，包括选择合适的承载能力、电机以及电池……,813,http://zj.lmjx.net/detail_PARAM_MjYyNDc=.html,http://zj.lmjx.net/zj_class_22_113_0_9.html
丰田LHM230Q手动液压托盘车,型号LHM230Q额定负载公斤2300负载中心毫米---全宽A毫米520/685转弯半径（外侧）B毫米1392车体高度C毫米1220至货叉垂直面的长度D毫米356……,1457,http://zj.lmjx.net/detail_IMAGE_MjYyNDc=.html,http://zj.lmjx.net/zj_class_22_113_0_9.html
诺力HLT(N)10/15剪式搬运车,1KG=2.2LB 1INCH=25.4MM项目/型号 HLT10HLT15HLT(N)10额定负载 Qkg100015001000货叉最低高度 hmm858585货叉最高高度 h……,1568,http://zj.lmjx.net/detail_VIDEO_MjYyNDc=.html,http://zj.lmjx.net/zj_class_22_113_0_9.html
奥津NPD型电动搬运车,1． 电动行走，液压起升  2． 自重轻、车身低、操作轻巧、视野开阔3． 车架设计坚固，承载力强4． 起步平稳，电机输出电磁制动 5． 大容量牵引电瓶，确保长时间工作……,1368,http://zj.lmjx.net/detail_PRAISE_MjYyNDc=.html,http://zj.lmjx.net/zj_class_22_113_0_9.html
梅狮CBD B 型半电动液压托盘搬运车,主要特点电动行走，液压起升重型设计，结构紧凑，操作方便自重轻，车架设计坚固，承载力强大容量蓄电池，确保长时间工作……,1730,http://zj.lmjx.net/detail_MTAzMzQ=.html,http://zj.lmjx.net/zj_class_22_113_0_9.html
西林CBD20K全电动搬运车,注: ●造型美观大方，操作方便灵活 ●采用交流调频调速电机，调速性能卓越●驱动电机采用卧式上置，维护方便●侧拉式电瓶，便于更换●货叉最低高度为75mm ●制动可靠、噪音小特征1.1……,1594,http://zj.lmjx.net/detail_PARAM_MTAzMzQ=.html,http://zj.lmjx.net/zj_class_22_113_0_9.html
合力CDD16蓄电池托盘堆垛车,主要配置及特点欧洲进口驱动单元；2、欧洲进口液压工作站；3、进口控制器及仪表；4、进口聚氨脂承载轮、驱动轮及转向轮；5、两级全自由门架；6、紧急断电开关；7、步行式或站立式驾驶；……,4448,http://zj.lmjx.net/detail_IMAGE_MTAzMzQ=.html,http://zj.lmjx.net/zj_class_22_113_0_9.html
永恒力AM V05手动液压搬运车,应用性强标准手动托盘搬运车无法在欧标托盘上装卸小型载货车，而AM V05可轻松解决这一难题……,57,http://zj.lmjx.net/detail_VIDEO_MTAzMzQ=.html,http://zj.lmjx.net/zj_class_22_113_0_9.html
虎力简易型搬运车,"&bull; 根据调查, 欧洲50%的搬运车实际使用的载重量都小于600公斤&bull; 可折叠, 轻巧灵活, 价格便宜……",1708,http://zj.lmjx.net/detail_PRAISE_MTAzMzQ=.html,http://zj.lmjx.net/zj_class_22_113_0_9.html
龙工带秤搬运车,?内置称重系统引进于世界知名品牌“Mettler Toledo"；?基本秤重功能：清零、去皮、清皮、校秤；?背光自动关闭，时间可设定；?自动关机功能；?IND212-501X系列有……,139,http://zj.lmjx.net/detail_NjAw5---.html,http://zj.lmjx.net/zj_class_22_113_0_9.html
海斯特P2.5步行式托盘车,本产品具有结构坚固、动力强劲和可靠性强的特性，能够满足您节约成本的需求。 根据应用需要，为叉车选择相应的配置，包括选择合适的承载能力、电机以及电池……,681,http://zj.lmjx.net/detail_PARAM_NjAw5---.html,http://zj.lmjx.net/zj_class_22_113_0_9.html
丰田LHM230手动液压托盘车,型号LHM230额定负载公斤2300负载中心毫米---全宽A毫米520/685转弯半径（外侧）B毫米1392车体高度C毫米1220至货叉垂直面的长度D毫米356……,1794,http://zj.lmjx.net/detail_IMAGE_NjAw5---.html,http://zj.lmjx.net/zj_class_22_113_0_9.html
诺力DGB系列剪式搬运车,型号额定提升负载(kg)最低货叉高度(mm)最高货叉高度(mm)货叉长度x货叉宽度 (mm)DGB15001500858001100x520DGB10001000858001100……,1270,http://zj.lmjx.net/detail_VIDEO_NjAw5---.html,http://zj.lmjx.net/zj_class_22_113_0_9.html
奥津NPHD型高升程搬运车,型号NPHD1000NPHD1500额定载重量(kg)10001500货叉最低高度/最高高度(mm)85/80085/800货叉宽度(mm)520/680520/680货叉长度(m……,1484,http://zj.lmjx.net/detail_PRAISE_NjAw5---.html,http://zj.lmjx.net/zj_class_22_113_0_9.html
梅狮CBY2.0S/CBY2.0SP电子称重型手动液压搬动车,采用进口密封镀铬活塞杆优质钢板，精心制造自制油泵，保质两年200°轻巧转向适合在狭小空间中使用……,1494,http://zj.lmjx.net/detail_NjA50---.html,http://zj.lmjx.net/zj_class_22_113_0_10.html
西林BD10全电动搬运车,特点介绍: 电力驱动，零排放，无污染，低噪声。 室内使用，地面平坦而坚硬，无坡度。 载重量大，适合于大型模具，设备等重型物体的中转搬运……,1415,http://zj.lmjx.net/detail_PARAM_NjA50---.html,http://zj.lmjx.net/zj_class_22_113_0_10.html
永恒力EJE 116n/120n步行式电动托盘搬运车,新一代三相交流电技术永恒力三相交流电技术在降低运行成本的同时还为您提供更强大的工作能力……,99,http://zj.lmjx.net/detail_IMAGE_NjA50---.html,http://zj.lmjx.net/zj_class_22_113_0_10.html
虎力电子称重型手动液压搬运车,&bull; 采用最新设计的仪表，精度达到0.1%，最小刻度1KG&bull; 具有毛重、去皮、累计功能，密封要求符合IP65标准，冲洗方便&bull; 仪表具有低电压、缺纸、低温……,1531,http://zj.lmjx.net/detail_VIDEO_NjA50---.html,http://zj.lmjx.net/zj_class_22_113_0_10.html
龙工TF手动平台车,?双剪结构，平台起升更高；?剪叉材料均采用锰钢制作；?液压系统均带有溢流阀……,142,http://zj.lmjx.net/detail_PRAISE_NjA50---.html,http://zj.lmjx.net/zj_class_22_113_0_10.html
海斯特P2.2 AC步行式托盘车,本产品具有结构坚固、动力强劲和可靠性强的特性，能够满足您节约成本的需求。 根据应用需要，为叉车选择相应的配置，包括选择合适的承载能力、电机以及电池……,965,http://zj.lmjx.net/detail_NTI27---.html,http://zj.lmjx.net/zj_class_22_113_0_10.html
诺力SL20电动搬运车,"1KG=2.2LB 1INCH=25.4MM特性1.2型号SL201.3动力 (蓄电池, 柴油, 汽油, 液化石油气,电气)蓄电池1.4驾驶方式 (手动式, 步行式, 站驾式, 坐……",1616,http://zj.lmjx.net/detail_PARAM_NTI27---.html,http://zj.lmjx.net/zj_class_22_113_0_10.html
奥津NPH型高升程搬运车,"1． 是搬运车和平台车的有机结合?2． 当起升高度大于420mm时,叉腿稳定的撑住地面,防止滑动,达到刹车的效果?3． 快起升油缸和按照人体工学设计的塑胶手柄、隔热舒适、省时省力?……",1483,http://zj.lmjx.net/detail_IMAGE_NTI27---.html,http://zj.lmjx.net/zj_class_22_113_0_10.html
梅狮CBD2.0AC全电动三箱交流电托盘搬运车,主要特点交流电机行走驱动，经久耐用无需维护人机同行，操作方便，视野开阔采用优质泵站，货叉起升平稳有力流线型重载设计，结构紧凑，用于狭窄通道，操纵灵活低电压保护功能，可在低电压状态下……,1562,http://zj.lmjx.net/detail_VIDEO_NTI27---.html,http://zj.lmjx.net/zj_class_22_113_0_10.html
西林CBD25Z全电动搬运车,注: ●承载能力达2500KGS ●交流驱动，性能可靠、易维护 ●变频调速，具有良好的驾控性 ●动力转向，驾驶舒适、安全 ●再生制动与电磁制动双重组合，制动安全、可靠，制动器寿命长……,1669,http://zj.lmjx.net/detail_PRAISE_NTI27---.html,http://zj.lmjx.net/zj_class_22_113_0_10.html
虎力5T重型手动液压搬运车,&bull;8毫米优质钢板精心打造&bull;高品质的重载型油缸和钢制车轮，可靠耐用&bull;适用于缺乏叉车或叉车无法进入的场合……,1831,http://zj.lmjx.net/detail_MjY0OTU=.html,http://zj.lmjx.net/zj_class_22_113_0_10.html
龙工ESB1全电动平衡重式堆高车（高配）,?操作手柄设置紧急反向开关，大大提升行驶过程中的安全性。?系统中加装安全防爆阀，可以在液压软管失效情况下使货物不会快速下落，确保操作人员人身安全……,115,http://zj.lmjx.net/detail_PARAM_MjY0OTU=.html,http://zj.lmjx.net/zj_class_22_113_0_10.html
海斯特P2.0 AC步行式托盘车,本产品具有结构坚固、动力强劲和可靠性强的特性，能够满足您节约成本的需求。 根据应用需要，为叉车选择相应的配置，包括选择合适的承载能力、电机以及电池……,957,http://zj.lmjx.net/detail_IMAGE_MjY0OTU=.html,http://zj.lmjx.net/zj_class_22_113_0_10.html
诺力WP-LPL20电动搬运车,"Power Pallet TruckWP-LPL201KG=2.2LB 1INCH=25.4MM特性1.2型号WP-LPL201.3动力 (蓄电池, 柴油, 汽油, 液化石油气,电……",1496,http://zj.lmjx.net/detail_VIDEO_MjY0OTU=.html,http://zj.lmjx.net/zj_class_22_113_0_10.html
奥津NPG(NPS)型手动搬动车,镀锌车油缸采用防漏设计，车架、手把、油缸等裸露在外部的零件全部经过镀锌处理，配置1． 不锈钢轴承，耐磨尼龙轮，抗腐能力强2． 不锈钢车除轮子、密封件以外所有零部件都采用不锈钢材料制……,1999,http://zj.lmjx.net/detail_PRAISE_MjY0OTU=.html,http://zj.lmjx.net/zj_class_22_113_0_10.html
梅狮纸筒型手动搬运车,特性产品型号CBY1.5ZACBY1.5ZACBY1.8ZC驱动形式手动驾驶方式步行式额定载重kg150015001800基本尺寸货叉长度mm1350货叉外宽mm860990103……,1345,http://zj.lmjx.net/detail_NjA28---.html,http://zj.lmjx.net/zj_class_22_113_0_11.html
西林CBD10A-II半电动搬运车,文字说明： 手动起升，电动行走 电机无刷，免维护 密封免维护电池，环保安全 双速度、低噪音，控制方便可靠……,1899,http://zj.lmjx.net/detail_PARAM_NjA28---.html,http://zj.lmjx.net/zj_class_22_113_0_11.html
虎力纸筒型货物搬运车,&bull;适用于造纸、包装印刷、纺织等需要搬运圆柱型货物的行业……,1163,http://zj.lmjx.net/detail_IMAGE_NjA28---.html,http://zj.lmjx.net/zj_class_22_113_0_11.html
龙工BIC 1.5T高起升搬运车,?具有搬运和工作平台的双重功能；?双活塞杆设计结构，车体低；?重载持续时间长 不易变形；?泵体过载保护作用 下降平稳 使用安全 ；?车架设计坚固 承载力强；?升降平稳 下降速度可控……,101,http://zj.lmjx.net/detail_VIDEO_NjA28---.html,http://zj.lmjx.net/zj_class_22_113_0_11.html
海斯特P1.8 AC步行式托盘车,本产品具有结构坚固、动力强劲和可靠性强的特性，能够满足您节约成本的需求。 根据应用需要，为叉车选择相应的配置，包括选择合适的承载能力、电机以及电池……,765,http://zj.lmjx.net/detail_PRAISE_NjA28---.html,http://zj.lmjx.net/zj_class_22_113_0_11.html
诺力WP-LPT22电动搬运车,Power Pallet TruckWP-LPT22Comforms to EN1726 and EN1175-11KG=2.2LB 1INCH=25.4MM特性1.2型号WP-L……,1367,http://zj.lmjx.net/detail_NTI25---.html,http://zj.lmjx.net/zj_class_22_113_0_11.html
奥津NPV型手动搬动车,1． 8毫米优质钢板精心打造2． 高品质的重载型油缸和钢制车轮，可靠耐用3． 适用于缺乏叉车或叉车无法进入的场合……,1501,http://zj.lmjx.net/detail_PARAM_NTI25---.html,http://zj.lmjx.net/zj_class_22_113_0_11.html
梅狮CBD A型半电动托盘搬运车,主要特点起升重量：1.2~2.0吨电动行走，液压起升自重轻、车身低、操作轻巧、视野开阔车架设计坚固，承载力强起步平稳，电机输出电磁制动大容量牵引电瓶，确保长时间工作……,1373,http://zj.lmjx.net/detail_IMAGE_NTI25---.html,http://zj.lmjx.net/zj_class_22_113_0_11.html
西林BFC6/BFC6-II电子秤搬运车,型号BFC6/BFC6-II额定载荷(kg)2000最高货叉高度(mm)195/205最低货叉高度(mm)76/85货叉长度(mm)1150货叉宽度(mm)540/570/705驱……,1557,http://zj.lmjx.net/detail_VIDEO_NTI25---.html,http://zj.lmjx.net/zj_class_22_113_0_11.html
虎力不锈刚手动液压搬运车,&bull;油缸、车架、轴承、销子、螺栓等均由不锈钢材料制造……,1132,http://zj.lmjx.net/detail_PRAISE_NTI25---.html,http://zj.lmjx.net/zj_class_22_113_0_11.html
诺力WP-LPT20电动搬运车,WP-LPT20欧洲进口全套电动控制系统欧洲进口驱动轮和泵站符合CE认证Comforms to EN1726 and EN1175-11KG=2.2LB 1INCH=25.4MM特……,1284,http://zj.lmjx.net/detail_NjEy4---.html,http://zj.lmjx.net/zj_class_22_113_0_11.html
奥津NPF型手动搬动车,"除了标准型车的所有性能外,还有以下特点：1． 独特的双层密封设计,可靠耐用2． 快速起升,两个压程货叉就能接触到托盘底部，与标准型相比可以节省您半的时间3． 人体工学设计的塑胶手柄……",1294,http://zj.lmjx.net/detail_PARAM_NjEy4---.html,http://zj.lmjx.net/zj_class_22_113_0_11.html
梅狮CBD1.5D/2.0D电动低位拣选车,电控系统反应灵敏，操控自如……,1381,http://zj.lmjx.net/detail_IMAGE_NjEy4---.html,http://zj.lmjx.net/zj_class_22_113_0_11.html
西林WA搬运车,说明: 高承载、长寿命、新外观、环保节能； 五圆弧手柄； 浮雕式顶盖和三角、高刚性货叉； 分体摇臂； 简便的手柄安装； 操作舒适和安全……,1429,http://zj.lmjx.net/detail_VIDEO_NjEy4---.html,http://zj.lmjx.net/zj_class_22_113_0_11.html
虎力镀锌手动液压搬运车,&bull;镀锌车油缸采用防漏设计，车架、手把、油缸等裸露在外部的零件全部经过镀锌处理，配置不锈钢轴承，耐磨尼龙轮，抗腐能力强&bull;不锈钢车除轮子、密封件以外所有零部件都采用……,1198,http://zj.lmjx.net/detail_PRAISE_NjEy4---.html,http://zj.lmjx.net/zj_class_22_113_0_11.html
诺力LPT15(DC)电动搬运车,使用寿命长采用高质量液压油泵、噪音小升降、喇叭按钮开关设计适应环保要求超载自动限制开关1KG=2.2LB 1INCH=25.4MM特性1.2型号WP-LPT15(DC)1.3动力 ……,1256,http://zj.lmjx.net/detail_NTQw1---.html,http://zj.lmjx.net/zj_class_22_113_0_12.html
奥津OK-II型手动搬动车,"1． 油泵缸座由焊接法制造,泵与油缸均为柱塞式,泵支点为闭式结构。2． 方向轴转角90度。3． 选用进口密封圈，安全可靠，密封性能好。4． 起升速度为11/次，属矮式泵……",1254,http://zj.lmjx.net/detail_PARAM_NTQw1---.html,http://zj.lmjx.net/zj_class_22_113_0_12.html
梅狮CBD2.0S/2.5S标准型全电动托盘搬运车,主要特点电控系统反应灵敏，操控自如……,1494,http://zj.lmjx.net/detail_IMAGE_NTQw1---.html,http://zj.lmjx.net/zj_class_22_113_0_12.html
西林JF7搬运车,型号JF7额定载荷(kg)1000最高货叉高度(mm)810最低货叉高度(mm)85货叉长度(mm)1220货叉宽度(mm)520/550/685无手柄高度(mm)975驱动轮尺寸……,1161,http://zj.lmjx.net/detail_VIDEO_NTQw1---.html,http://zj.lmjx.net/zj_class_22_113_0_12.html
虎力低放型手动液压搬运车,&bull;低放型车适用于托盘低矮、空间狭窄的工作场合……,1106,http://zj.lmjx.net/detail_PRAISE_NTQw1---.html,http://zj.lmjx.net/zj_class_22_113_0_12.html
诺力WP-LPT15(AC)电动搬运车,使用寿命长采用高质量液压油泵、噪音小升降、喇叭按钮开关设计适应环保要求超载自动限制开关Conforms to EN1726 and EN1175-11KG=2.2LB 1INCH=……,1226,http://zj.lmjx.net/detail_NTkx5---.html,http://zj.lmjx.net/zj_class_22_113_0_12.html
奥津NPA型手动搬动车,1．带手动缓降控制阀的油泵；2．3位的可调手柄；3．货叉下的推杆可调，以控制货叉最低高度；4．货叉前端为弧形，方便装卸货物；5．“C”结构的货叉可支撑重载，非常牢固；6．各活动处都……,1349,http://zj.lmjx.net/detail_PARAM_NTkx5---.html,http://zj.lmjx.net/zj_class_22_113_0_12.html
西林JF搬运车,技术参数/型号JF额定负载（kg）1000货叉最高高度（mm）800货叉最低高度（mm）85货叉长度（mm）1150货叉最大宽度（mm）550/685大轮尺寸(mm)&phi;18……,1251,http://zj.lmjx.net/detail_IMAGE_NTkx5---.html,http://zj.lmjx.net/zj_class_22_113_0_12.html
虎力标准型手动液压搬运车,&bull;采用宝钢优质4mm钢板无断点焊接强度可靠&bull;整体式铸造油缸，油缸下降速度不受载重的影响&bull;采用进口密封圈，活塞杆镀铬&bull;内部溢流阀提供过载保护，……,1824,http://zj.lmjx.net/detail_VIDEO_NTkx5---.html,http://zj.lmjx.net/zj_class_22_113_0_12.html
诺力SPT13半电动搬运车,SPT13ModelSPT13Capacitykg1300Load centre distancemm600Net weight (including battery)kg155 ……,1395,http://zj.lmjx.net/detail_PRAISE_NTkx5---.html,http://zj.lmjx.net/zj_class_22_113_0_12.html
奥津NPL型手动搬动车,1．日本专业技术及制造工艺的完美结晶2．超低高度，便于进入低托盘作业3．外形美观、结构钢性强、轻巧耐用4．三段式定位下降控制，操作轻便省力5．全车经磷化处理与烤漆，光泽度高且不易脱……,1508,http://zj.lmjx.net/detail_NjA23---.html,http://zj.lmjx.net/zj_class_22_113_0_12.html
西林HW搬运车,户外手动液压搬运车；适合于不平整地面上使用，车架由高强度钢板制造，承载能力大；轮子为实芯胎，可靠性高……,1057,http://zj.lmjx.net/detail_PARAM_NjA23---.html,http://zj.lmjx.net/zj_class_22_113_0_12.html
虎力快起升高级手动液压搬运车,"除了标准型车的所有性能外,还有以下特点&bull;独特的双层密封设计,可靠耐用&bull;快速起升,两个压程货叉就能接触到托盘底部，与标准型相比可以节省您半的时间&bull;人体工……",1051,http://zj.lmjx.net/detail_IMAGE_NjA23---.html,http://zj.lmjx.net/zj_class_22_113_0_12.html
诺力HP-ESR20手动搬运车,……,1188,http://zj.lmjx.net/detail_VIDEO_NjA23---.html,http://zj.lmjx.net/zj_class_22_113_0_12.html
奥津NP型手动搬动车,1．日本专业技术及制造工艺的完美结晶2．外形美观、结构钢性强、轻巧耐用3．三段式定位下降控制，操作轻便省力4．全车经磷化处理与烤漆，光泽度高且不易脱落备注： 超宽、超长及其他任何特……,1730,http://zj.lmjx.net/detail_PRAISE_NjA23---.html,http://zj.lmjx.net/zj_class_22_113_0_12.html
西林BFW/BFWL搬运车,BFW超宽手动液压搬运车两货叉距离较大，适用于宽大的托盘BFWL超宽低架手动液压搬运车，两货叉距离较大，而且货叉与地面高度较低，适用于离地高度较小且货物较宽大时使用技术参数/型号B……,1132,http://zj.lmjx.net/detail_NTI09---.html,http://zj.lmjx.net/zj_class_22_113_0_13.html
诺力CGBS手动搬运车,……,1061,http://zj.lmjx.net/detail_PARAM_NTI09---.html,http://zj.lmjx.net/zj_class_22_113_0_13.html
西林BFJ搬运车,卷筒搬运车专作卷筒类货物搬运用，如纸卷、布卷、轮胎等呈园筒形货物技术参数/型号BFJ额定负载 kg1000货叉最低高度H1 mm&mdash;货叉最高高度H2 mm&mdash;无……,964,http://zj.lmjx.net/detail_IMAGE_NTI09---.html,http://zj.lmjx.net/zj_class_22_113_0_13.html
诺力L系列手动搬运车,尼龙进入滚子和退出滚子减轻了操作工的力，并有保护了负荷的轮子和货叉;带手动缓降控制阀的密封式油泵高性能型材钢和&ldquo;&rdquo;型结构的货叉；上升、下降、移动三种位置的调……,1666,http://zj.lmjx.net/detail_VIDEO_NTI09---.html,http://zj.lmjx.net/zj_class_22_113_0_13.html
西林BFZ搬运车,超窄手动液压搬运车，两货叉距离较窄，适用于窄小的托盘技术参数/型号BFZ额定负载 kg2000货叉最低高度H1 mm75货叉最高高度H2 mm190无手柄高度H3 mm401.5大……,1322,http://zj.lmjx.net/detail_PRAISE_NTI09---.html,http://zj.lmjx.net/zj_class_22_113_0_13.html
诺力CP系列手动搬运车,耐用液压油泵采用日本最新科技，德国进口密封件诺力自制的优质油泵指状控制手柄以三位的控制手柄来控制油泵系统的位置Conforms to EN1757-21KG=2.2LB 1INCH……,1526,http://zj.lmjx.net/detail_NTM57---.html,http://zj.lmjx.net/zj_class_22_113_0_13.html
西林BFH搬运车,高架手动液压搬运车搬运车货叉与地面高度较高，适用于货物离地高度较大时使用……,1125,http://zj.lmjx.net/detail_PARAM_NTM57---.html,http://zj.lmjx.net/zj_class_22_113_0_13.html
诺力HG20/HG25手动搬运车,1KG=2.2LB 1INCH=25.4MM项目/型号HG20HG25额定负载 Qkg20002500货叉最低高度 hmm85758575货叉最高高度 h1mm2001902001……,1113,http://zj.lmjx.net/detail_IMAGE_NTM57---.html,http://zj.lmjx.net/zj_class_22_113_0_13.html
西林BFL搬运车,低架手动液压搬运车货叉与地面高度较低与特低，适用于货物离地高度较小时使用技术参数/型号BFL10BFL15额定负载 kg10001500货叉最低高度H1 mm3552货叉最高高度H……,1232,http://zj.lmjx.net/detail_VIDEO_NTM57---.html,http://zj.lmjx.net/zj_class_22_113_0_13.html
诺力DF168手动搬运车,1KG=2.2LB 1INCH=25.4MM项目/型号DF168额定负载 Qkg1680货叉最低高度 hmm75货叉最高高度 h1mm190转向轮mm&Phi;180x50承重轮 ……,1644,http://zj.lmjx.net/detail_PRAISE_NTM57---.html,http://zj.lmjx.net/zj_class_22_113_0_13.html
西林BFR搬运车,护栏手动液压搬运车货叉根部设有档货架，防止货物滑移，起到保护操作者和货物的作用。尤其适用于轻质的货物，必要时可用绳子将货物与档货架固定在一起……,1067,http://zj.lmjx.net/detail_NTI08---.html,http://zj.lmjx.net/zj_class_22_113_0_13.html
诺力DF系列手动搬运车,1KG=2.2LB 1INCH=25.4MM项目/型号DF20DF25DF30额定负载 Qkg200025003000货叉最低高度 hmm857585758575货叉最高高度 h1……,1379,http://zj.lmjx.net/detail_PARAM_NTI08---.html,http://zj.lmjx.net/zj_class_22_113_0_13.html
西林BFT搬运车,双向手动液压搬运车除了保持原基础车以外，其十字行走即双向移动功能是它的主要特征，可直接作纵向与侧向移动，其侧向移动的独特结构是本公司之专利承载能力：纵向2500Kg/侧向1500K……,1133,http://zj.lmjx.net/detail_IMAGE_NTI08---.html,http://zj.lmjx.net/zj_class_22_113_0_13.html
诺力CBG系列手动搬运车,油泵为整体密封式，关键部件采用德国进口原件，有过载保护；&ldquo;C&rdquo;结构的货叉可支撑重载，非常坚固；尼龙进入滚子和退出滚子减轻了操作工的力，并有保护了负荷的轮子和……,983,http://zj.lmjx.net/detail_VIDEO_NTI08---.html,http://zj.lmjx.net/zj_class_22_113_0_13.html
西林BFB搬运车,手刹手动液压搬运车搬运车配有手刹车系统，专为驻车停车之用，特别是在地面呈坡度的库场尤其重要以性能可靠的普通搬运车为基础，配置手刹系统，安全可靠货叉由高强度合金钢板制造，自重轻，承载……,1194,http://zj.lmjx.net/detail_PRAISE_NTI08---.html,http://zj.lmjx.net/zj_class_22_113_0_13.html
