标题,介绍
高远圣工GYSS1631B/J石屑撒布机, GYSS1631B石屑撒布机是我公司在吸收国外先进技术的基础上，经过公司在大量的施工实践中不断对其更新改进，使其在各种性能上均赶上并超越了国外同类产品，它与我公司生产的LS136……
思嘉特SSB3000型石屑撒布器,主要参数：SSB3000型石屑撒布器适用于道路施工养护中骨料的撒布，采用气动和电传动，技术先进，和自卸车匹配拆装方便，撒布宽度3.10(m)，集料规格S24-S3，撒布速度5(km……
美通SS-3100/SS3500型悬挂式石屑洒布机,● 石屑撒布主要应用于沥青路面的透层、下封层、石屑封层、微表处等表面处治法和灌入法施工中的骨料、石粉、石屑、粗砂和碎石和沥青碎石的撒布作业，所以美通石屑撒布机的开发，正是顺应市场发……
万里SS-3000型推行式石屑撒布机,五大特点：1 ：不卡料，该机装有筛子，可以把大料筛出，可以达到均匀的撒布效果.2：不占车，施工时通过压盘“抱”住自卸车后驱动轮轮毂，拆卸只须几分钟3：连续性能强，该机可以配合数台自……
思嘉特SBC3000石屑撒布器,主要参数：撒布宽度3.10(m)集料规格S24-S3撒布速度5(km/h)撒布量0.5~50(m3/km2)（18km2/h）……
筑马ZM-A310石屑撒布机,ZM-A310型悬挂式石屑撒布机是我公司根据公路作业的要求，自行研制开发的新型石屑撒布机械，是沥青路面施工中撒布石屑的专用机械……
欣融SXSB-3000型石屑撒布机,特色：石屑洒布均匀2、悬挂式，装卸方便3、操作控制简易方便……
科筑KZSX-310悬挂式石屑撒布机,1．KZSX-310悬挂式石屑撒布机主要用于沥青路面的透层、下封层、石屑封层、微表处等表面处治法和灌入法施工中的骨料：石粉、石屑、粗砂和碎石和沥青碎石的撒布作业……
恒端石屑撒布机, SX-31悬挂式石屑洒布机主要用于沥青路面的透层、下封层、石屑封层、微表处等表面处治法和灌入法施工中的骨料：石粉、石屑、粗砂和碎石和沥青碎石的撒布作业……
百开BC-2002/CRC型超级智能石屑撒布车,"动力康明斯6CTA 8.3C型涡轮增压柴油发动机，230马力。前轴行星驱动/转向，液压传动（也可选择四轮驱动）,无滑差提供卓越的驱动和爬坡能力……"
YS-A3石屑撒布机,●撒布厚度：0-35mm ●撒布宽度：500-3000mm ●施工速度：0-10km/h●驱动形式：拖挂式 ●整机净重：1650kg ●整机载重：3000kg●外型尺寸3500×3……
欧亚机械CS310第五代碎石洒布机,第五代碎石洒布机(CS310)是由电脑控制的与自卸车可以独立操作，配有单独的本田发动机提供动力，不需要从自卸车上取力，不需要固定在专门的自卸车上，可以实现快速装卸，特殊设计，由液压……
象力YCN3100SB悬挂式石屑撒布机,YCN3100SB悬挂式石屑撒布机是我公司根据目前市场上使用的石屑撒布机基础上 进行创新、改进后新品，该机推向市场后，得到了用户的极好反映……
山东奥邦ASP-3100石屑撒布机,型号 SP-3100 发动机 日本本田独立动力 日本本田发动机 液压泵 江苏中液洒布宽度（mm） 0～3100（可调） 液压摆线马达 美国萨澳料门数量 16 液压流量调节器 德国布……
海誉科技HYSB系列撒布机,产品特点： 撒布量和撒布宽度可随意调整；  2、料仓有普通钢板或不锈钢板两种材质；  3、进口发动机动力，电起动，可在低温下快速启动；  4、低重心设计，不影响后视；也有汽车和撒布……
万里XGSS-3100石屑撒布机,XGSS-3100型车载式碎石撒布机适用于高等级公路路面罩面及防水层(下封层)施工时，撒布碎石以提高路面整体强度。也适用于层铺(撒铺路)工艺的等级公路……
欣融SXSB-3000石屑撒布机,特色：石屑洒布均匀2、悬挂式，装卸方便3、操作控制简易方便九、移动服务车特色：内部空间大，可配置必需设备2、可配套提供电源、气源3、尾部配备起重尾板，设备装卸方便4、侧门和后门均可……
